full_name,email,phone,role,is_active,status,tenant_id,school_name,created_at,last_login
fgrht,ryrey@school.com,05456543535,independent_teacher,t,active,,,2026-04-07 14:43:30.755593+00,2026-04-07 14:44:09.915316+00
قاقفافقاقفففففف,testttt@gmail.com,05345675453,independent_teacher,t,active,95e9fd31-2690-4d0c-bbc3-346a47009b5c,مدرسة الحرية,2026-04-18 17:45:51.59207+00,
محمممد,moo@gmail.com,053656345,independent_teacher,t,active,,,2026-04-18 17:21:47.108977+00,
5غغقعق64,parent_96015bd6@farabi-001.edu.sa,,parent,t,active,cfe73b06-0945-4d9a-acbb-9bc960d43a89,مدرسة الفارابي للتعليم الأساسي,2026-04-18 18:52:25.595356+00,
أحمد البقمي,ahmd.albqmy.w129@gmail.com,,parent,t,active,cfe73b06-0945-4d9a-acbb-9bc960d43a89,مدرسة الفارابي للتعليم الأساسي,2026-04-16 02:04:09.051769+00,
أحمد البقمي,ahmd.albqmy.w131@gmail.com,,parent,t,active,e99d639a-2d11-4d93-bc3f-f15cfb5e45e0,أكاديمية ابن سينا الدولية,2026-04-16 02:04:10.535722+00,
أحمد التميمي,ahmd.altmymy.w70@gmail.com,,parent,t,active,e99d639a-2d11-4d93-bc3f-f15cfb5e45e0,أكاديمية ابن سينا الدولية,2026-04-16 02:04:10.137123+00,
أحمد الجهني,ahmd.aljhny.w65@gmail.com,,parent,t,active,cfe73b06-0945-4d9a-acbb-9bc960d43a89,مدرسة الفارابي للتعليم الأساسي,2026-04-16 02:04:08.699855+00,
أحمد الجهني,ahmd.aljhny.w134@gmail.com,,parent,t,active,e99d639a-2d11-4d93-bc3f-f15cfb5e45e0,أكاديمية ابن سينا الدولية,2026-04-16 02:04:10.552963+00,
أحمد الجهني,ahmd.aljhny.w234@gmail.com,,parent,t,active,cfe73b06-0945-4d9a-acbb-9bc960d43a89,مدرسة الفارابي للتعليم الأساسي,2026-04-16 02:04:09.638078+00,
أحمد الجهني,ahmd.aljhny.w90@gmail.com,,parent,t,active,e99d639a-2d11-4d93-bc3f-f15cfb5e45e0,أكاديمية ابن سينا الدولية,2026-04-16 02:04:10.263424+00,
أحمد الحربي,ahmd.alhrby.w142@gmail.com,,parent,t,active,cfe73b06-0945-4d9a-acbb-9bc960d43a89,مدرسة الفارابي للتعليم الأساسي,2026-04-16 02:04:09.124376+00,
أحمد الدوسري,ahmd.aldwsry.w135@gmail.com,,parent,t,active,cfe73b06-0945-4d9a-acbb-9bc960d43a89,مدرسة الفارابي للتعليم الأساسي,2026-04-16 02:04:09.085317+00,
أحمد الدوسري,ahmd.aldwsry.w86@gmail.com,,parent,t,active,e99d639a-2d11-4d93-bc3f-f15cfb5e45e0,أكاديمية ابن سينا الدولية,2026-04-16 02:04:10.238131+00,
أحمد الدوسري,ahmd.aldwsry.w139@gmail.com,,parent,t,active,e99d639a-2d11-4d93-bc3f-f15cfb5e45e0,أكاديمية ابن سينا الدولية,2026-04-16 02:04:10.580936+00,
أحمد الرشيدي,ahmd.alrshydy.w242@gmail.com,,parent,t,active,cfe73b06-0945-4d9a-acbb-9bc960d43a89,مدرسة الفارابي للتعليم الأساسي,2026-04-16 02:04:09.682222+00,
أحمد الرشيدي,ahmd.alrshydy.w210@gmail.com,,parent,t,active,cfe73b06-0945-4d9a-acbb-9bc960d43a89,مدرسة الفارابي للتعليم الأساسي,2026-04-16 02:04:09.504528+00,
أحمد الرويلي,ahmd.alrwyly.w154@gmail.com,,parent,t,active,cfe73b06-0945-4d9a-acbb-9bc960d43a89,مدرسة الفارابي للتعليم الأساسي,2026-04-16 02:04:09.18925+00,
أحمد الرويلي,ahmd.alrwyly.w175@gmail.com,,parent,t,active,cfe73b06-0945-4d9a-acbb-9bc960d43a89,مدرسة الفارابي للتعليم الأساسي,2026-04-16 02:04:09.308546+00,
أحمد الزهراني,ahmd.alzhrany.w27@gmail.com,,parent,t,active,cfe73b06-0945-4d9a-acbb-9bc960d43a89,مدرسة الفارابي للتعليم الأساسي,2026-04-16 02:04:08.491383+00,
أحمد السبيعي,ahmd.alsbyay.w244@gmail.com,,parent,t,active,e99d639a-2d11-4d93-bc3f-f15cfb5e45e0,أكاديمية ابن سينا الدولية,2026-04-16 02:04:11.216965+00,
أحمد السبيعي,ahmd.alsbyay.w88@gmail.com,,parent,t,active,e99d639a-2d11-4d93-bc3f-f15cfb5e45e0,أكاديمية ابن سينا الدولية,2026-04-16 02:04:10.251141+00,
أحمد السبيعي,ahmd.alsbyay.w235@gmail.com,,parent,t,active,e99d639a-2d11-4d93-bc3f-f15cfb5e45e0,أكاديمية ابن سينا الدولية,2026-04-16 02:04:11.165416+00,
أحمد الشمري,ahmd.alshmry.w195@gmail.com,,parent,t,active,cfe73b06-0945-4d9a-acbb-9bc960d43a89,مدرسة الفارابي للتعليم الأساسي,2026-04-16 02:04:09.419193+00,
أحمد الصاعدي,ahmd.alsaady.w145@gmail.com,,parent,t,active,cfe73b06-0945-4d9a-acbb-9bc960d43a89,مدرسة الفارابي للتعليم الأساسي,2026-04-16 02:04:09.140376+00,
أحمد العتيبي,ahmd.alatyby.w7@gmail.com,,parent,t,active,cfe73b06-0945-4d9a-acbb-9bc960d43a89,مدرسة الفارابي للتعليم الأساسي,2026-04-16 02:04:08.379325+00,
أحمد العجمي,ahmd.alajmy.w224@gmail.com,,parent,t,active,e99d639a-2d11-4d93-bc3f-f15cfb5e45e0,أكاديمية ابن سينا الدولية,2026-04-16 02:04:11.093373+00,
أحمد الغامدي,ahmd.alghamdy.w94@gmail.com,,parent,t,active,cfe73b06-0945-4d9a-acbb-9bc960d43a89,مدرسة الفارابي للتعليم الأساسي,2026-04-16 02:04:08.86031+00,
أحمد الغامدي,ahmd.alghamdy.w93@gmail.com,,parent,t,active,e99d639a-2d11-4d93-bc3f-f15cfb5e45e0,أكاديمية ابن سينا الدولية,2026-04-16 02:04:10.281283+00,
أحمد القحطاني,ahmd.alqhtany.w118@gmail.com,,parent,t,active,e99d639a-2d11-4d93-bc3f-f15cfb5e45e0,أكاديمية ابن سينا الدولية,2026-04-16 02:04:10.456316+00,
أحمد القحطاني,ahmd.alqhtany.w14@gmail.com,,parent,t,active,e99d639a-2d11-4d93-bc3f-f15cfb5e45e0,أكاديمية ابن سينا الدولية,2026-04-16 02:04:09.823523+00,
أحمد المالكي,ahmd.almalky.w109@gmail.com,,parent,t,active,e99d639a-2d11-4d93-bc3f-f15cfb5e45e0,أكاديمية ابن سينا الدولية,2026-04-16 02:04:10.383822+00,
أحمد الوادعي,ahmd.alwaday.w153@gmail.com,,parent,t,active,cfe73b06-0945-4d9a-acbb-9bc960d43a89,مدرسة الفارابي للتعليم الأساسي,2026-04-16 02:04:09.183973+00,
أنس الأحمدي,ans.alahmdy.w193@gmail.com,,parent,t,active,e99d639a-2d11-4d93-bc3f-f15cfb5e45e0,أكاديمية ابن سينا الدولية,2026-04-16 02:04:10.888988+00,
أنس التميمي,ans.altmymy.w87@gmail.com,,parent,t,active,cfe73b06-0945-4d9a-acbb-9bc960d43a89,مدرسة الفارابي للتعليم الأساسي,2026-04-16 02:04:08.820527+00,
أنس التميمي,ans.altmymy.w167@gmail.com,,parent,t,active,cfe73b06-0945-4d9a-acbb-9bc960d43a89,مدرسة الفارابي للتعليم الأساسي,2026-04-16 02:04:09.263424+00,
أنس الجهني,ans.aljhny.w127@gmail.com,,parent,t,active,e99d639a-2d11-4d93-bc3f-f15cfb5e45e0,أكاديمية ابن سينا الدولية,2026-04-16 02:04:10.512717+00,
أنس الحربي,ans.alhrby.w81@gmail.com,,parent,t,active,e99d639a-2d11-4d93-bc3f-f15cfb5e45e0,أكاديمية ابن سينا الدولية,2026-04-16 02:04:10.202737+00,
أنس الحربي,ans.alhrby.w181@gmail.com,,parent,t,active,cfe73b06-0945-4d9a-acbb-9bc960d43a89,مدرسة الفارابي للتعليم الأساسي,2026-04-16 02:04:09.340788+00,
أنس الرويلي,ans.alrwyly.w43@gmail.com,,parent,t,active,cfe73b06-0945-4d9a-acbb-9bc960d43a89,مدرسة الفارابي للتعليم الأساسي,2026-04-16 02:04:08.580302+00,
أنس الزهراني,ans.alzhrany.w155@gmail.com,,parent,t,active,e99d639a-2d11-4d93-bc3f-f15cfb5e45e0,أكاديمية ابن سينا الدولية,2026-04-16 02:04:10.67106+00,
أنس الزهراني,ans.alzhrany.w217@gmail.com,,parent,t,active,e99d639a-2d11-4d93-bc3f-f15cfb5e45e0,أكاديمية ابن سينا الدولية,2026-04-16 02:04:11.029147+00,
أنس الزهراني,ans.alzhrany.w224@gmail.com,,parent,t,active,cfe73b06-0945-4d9a-acbb-9bc960d43a89,مدرسة الفارابي للتعليم الأساسي,2026-04-16 02:04:09.582282+00,
أنس الزهراني,ans.alzhrany.w249@gmail.com,,parent,t,active,cfe73b06-0945-4d9a-acbb-9bc960d43a89,مدرسة الفارابي للتعليم الأساسي,2026-04-16 02:04:09.721265+00,
أنس السبيعي,ans.alsbyay.w192@gmail.com,,parent,t,active,cfe73b06-0945-4d9a-acbb-9bc960d43a89,مدرسة الفارابي للتعليم الأساسي,2026-04-16 02:04:09.402427+00,
أنس الشمري,ans.alshmry.w179@gmail.com,,parent,t,active,cfe73b06-0945-4d9a-acbb-9bc960d43a89,مدرسة الفارابي للتعليم الأساسي,2026-04-16 02:04:09.329924+00,
أنس الشمري,ans.alshmry.w238@gmail.com,,parent,t,active,e99d639a-2d11-4d93-bc3f-f15cfb5e45e0,أكاديمية ابن سينا الدولية,2026-04-16 02:04:11.182112+00,
أنس العتيبي,ans.alatyby.w218@gmail.com,,parent,t,active,e99d639a-2d11-4d93-bc3f-f15cfb5e45e0,أكاديمية ابن سينا الدولية,2026-04-16 02:04:11.035373+00,
أنس العتيبي,ans.alatyby.w89@gmail.com,,parent,t,active,cfe73b06-0945-4d9a-acbb-9bc960d43a89,مدرسة الفارابي للتعليم الأساسي,2026-04-16 02:04:08.831259+00,
أنس الغامدي,ans.alghamdy.w23@gmail.com,,parent,t,active,cfe73b06-0945-4d9a-acbb-9bc960d43a89,مدرسة الفارابي للتعليم الأساسي,2026-04-16 02:04:08.469364+00,
أنس الغامدي,ans.alghamdy.w123@gmail.com,,parent,t,active,e99d639a-2d11-4d93-bc3f-f15cfb5e45e0,أكاديمية ابن سينا الدولية,2026-04-16 02:04:10.488364+00,
أنس الغامدي,ans.alghamdy.w5@gmail.com,,parent,t,active,e99d639a-2d11-4d93-bc3f-f15cfb5e45e0,أكاديمية ابن سينا الدولية,2026-04-16 02:04:09.772217+00,
أنس الغامدي,ans.alghamdy.w185@gmail.com,,parent,t,active,cfe73b06-0945-4d9a-acbb-9bc960d43a89,مدرسة الفارابي للتعليم الأساسي,2026-04-16 02:04:09.363029+00,
أنس الغامدي,ans.alghamdy.w204@gmail.com,,parent,t,active,e99d639a-2d11-4d93-bc3f-f15cfb5e45e0,أكاديمية ابن سينا الدولية,2026-04-16 02:04:10.950959+00,
أنس القحطاني,ans.alqhtany.w168@gmail.com,,parent,t,active,cfe73b06-0945-4d9a-acbb-9bc960d43a89,مدرسة الفارابي للتعليم الأساسي,2026-04-16 02:04:09.269512+00,
أنس المالكي,ans.almalky.w36@gmail.com,,parent,t,active,cfe73b06-0945-4d9a-acbb-9bc960d43a89,مدرسة الفارابي للتعليم الأساسي,2026-04-16 02:04:08.541157+00,
أنس المالكي,ans.almalky.w148@gmail.com,,parent,t,active,cfe73b06-0945-4d9a-acbb-9bc960d43a89,مدرسة الفارابي للتعليم الأساسي,2026-04-16 02:04:09.157278+00,
أنس المالكي,ans.almalky.w49@gmail.com,,parent,t,active,e99d639a-2d11-4d93-bc3f-f15cfb5e45e0,أكاديمية ابن سينا الدولية,2026-04-16 02:04:10.019005+00,
أنس الوادعي,ans.alwaday.w217@gmail.com,,parent,t,active,cfe73b06-0945-4d9a-acbb-9bc960d43a89,مدرسة الفارابي للتعليم الأساسي,2026-04-16 02:04:09.543134+00,
إبراهيم البقمي,ibrahym.albqmy.w135@gmail.com,,parent,t,active,e99d639a-2d11-4d93-bc3f-f15cfb5e45e0,أكاديمية ابن سينا الدولية,2026-04-16 02:04:10.558437+00,
إبراهيم البقمي,ibrahym.albqmy.w163@gmail.com,,parent,t,active,e99d639a-2d11-4d93-bc3f-f15cfb5e45e0,أكاديمية ابن سينا الدولية,2026-04-16 02:04:10.718873+00,
إبراهيم البقمي,ibrahym.albqmy.w40@gmail.com,,parent,t,active,cfe73b06-0945-4d9a-acbb-9bc960d43a89,مدرسة الفارابي للتعليم الأساسي,2026-04-16 02:04:08.562998+00,
إبراهيم الجهني,ibrahym.aljhny.w29@gmail.com,,parent,t,active,e99d639a-2d11-4d93-bc3f-f15cfb5e45e0,أكاديمية ابن سينا الدولية,2026-04-16 02:04:09.908942+00,
إبراهيم الجهني,ibrahym.aljhny.w43@gmail.com,,parent,t,active,e99d639a-2d11-4d93-bc3f-f15cfb5e45e0,أكاديمية ابن سينا الدولية,2026-04-16 02:04:09.986034+00,
إبراهيم الجهني,ibrahym.aljhny.w122@gmail.com,,parent,t,active,cfe73b06-0945-4d9a-acbb-9bc960d43a89,مدرسة الفارابي للتعليم الأساسي,2026-04-16 02:04:09.012262+00,
إبراهيم الحربي,ibrahym.alhrby.w60@gmail.com,,parent,t,active,e99d639a-2d11-4d93-bc3f-f15cfb5e45e0,أكاديمية ابن سينا الدولية,2026-04-16 02:04:10.081479+00,
إبراهيم الحربي,ibrahym.alhrby.w138@gmail.com,,parent,t,active,cfe73b06-0945-4d9a-acbb-9bc960d43a89,مدرسة الفارابي للتعليم الأساسي,2026-04-16 02:04:09.10265+00,
إبراهيم الحربي,ibrahym.alhrby.w246@gmail.com,,parent,t,active,cfe73b06-0945-4d9a-acbb-9bc960d43a89,مدرسة الفارابي للتعليم الأساسي,2026-04-16 02:04:09.704163+00,
إبراهيم الدوسري,ibrahym.aldwsry.w18@gmail.com,,parent,t,active,e99d639a-2d11-4d93-bc3f-f15cfb5e45e0,أكاديمية ابن سينا الدولية,2026-04-16 02:04:09.845956+00,
إبراهيم الدوسري,ibrahym.aldwsry.w243@gmail.com,,parent,t,active,cfe73b06-0945-4d9a-acbb-9bc960d43a89,مدرسة الفارابي للتعليم الأساسي,2026-04-16 02:04:09.68777+00,
إبراهيم الرويلي,ibrahym.alrwyly.w19@gmail.com,,parent,t,active,cfe73b06-0945-4d9a-acbb-9bc960d43a89,مدرسة الفارابي للتعليم الأساسي,2026-04-16 02:04:08.446317+00,
إبراهيم الشمري,ibrahym.alshmry.w225@gmail.com,,parent,t,active,e99d639a-2d11-4d93-bc3f-f15cfb5e45e0,أكاديمية ابن سينا الدولية,2026-04-16 02:04:11.102315+00,
إبراهيم الشمري,ibrahym.alshmry.w252@gmail.com,,parent,t,active,e99d639a-2d11-4d93-bc3f-f15cfb5e45e0,أكاديمية ابن سينا الدولية,2026-04-16 02:04:11.266185+00,
إبراهيم الصاعدي,ibrahym.alsaady.w153@gmail.com,,parent,t,active,e99d639a-2d11-4d93-bc3f-f15cfb5e45e0,أكاديمية ابن سينا الدولية,2026-04-16 02:04:10.660234+00,
إبراهيم العتيبي,ibrahym.alatyby.w214@gmail.com,,parent,t,active,e99d639a-2d11-4d93-bc3f-f15cfb5e45e0,أكاديمية ابن سينا الدولية,2026-04-16 02:04:11.011002+00,
إبراهيم العجمي,ibrahym.alajmy.w3@gmail.com,,parent,t,active,e99d639a-2d11-4d93-bc3f-f15cfb5e45e0,أكاديمية ابن سينا الدولية,2026-04-16 02:04:09.76096+00,
إبراهيم العجمي,ibrahym.alajmy.w151@gmail.com,,parent,t,active,cfe73b06-0945-4d9a-acbb-9bc960d43a89,مدرسة الفارابي للتعليم الأساسي,2026-04-16 02:04:09.173227+00,
إبراهيم العنزي,ibrahym.alanzy.w97@gmail.com,,parent,t,active,e99d639a-2d11-4d93-bc3f-f15cfb5e45e0,أكاديمية ابن سينا الدولية,2026-04-16 02:04:10.304845+00,
إبراهيم العنزي,ibrahym.alanzy.w30@gmail.com,,parent,t,active,e99d639a-2d11-4d93-bc3f-f15cfb5e45e0,أكاديمية ابن سينا الدولية,2026-04-16 02:04:09.914284+00,
إبراهيم العنزي,ibrahym.alanzy.w112@gmail.com,,parent,t,active,cfe73b06-0945-4d9a-acbb-9bc960d43a89,مدرسة الفارابي للتعليم الأساسي,2026-04-16 02:04:08.958812+00,
إبراهيم الغامدي,ibrahym.alghamdy.w62@gmail.com,,parent,t,active,cfe73b06-0945-4d9a-acbb-9bc960d43a89,مدرسة الفارابي للتعليم الأساسي,2026-04-16 02:04:08.683277+00,
إبراهيم المالكي,ibrahym.almalky.w132@gmail.com,,parent,t,active,e99d639a-2d11-4d93-bc3f-f15cfb5e45e0,أكاديمية ابن سينا الدولية,2026-04-16 02:04:10.541441+00,
إبراهيم المالكي,ibrahym.almalky.w69@gmail.com,,parent,t,active,e99d639a-2d11-4d93-bc3f-f15cfb5e45e0,أكاديمية ابن سينا الدولية,2026-04-16 02:04:10.131375+00,
إبراهيم المالكي,ibrahym.almalky.w42@gmail.com,,parent,t,active,e99d639a-2d11-4d93-bc3f-f15cfb5e45e0,أكاديمية ابن سينا الدولية,2026-04-16 02:04:09.980598+00,
إبراهيم المطيري,ibrahym.almtyry.w107@gmail.com,,parent,t,active,cfe73b06-0945-4d9a-acbb-9bc960d43a89,مدرسة الفارابي للتعليم الأساسي,2026-04-16 02:04:08.93076+00,
ابو محمممممد,parent_a4e87aed@farabi-001.edu.sa,,parent,t,active,cfe73b06-0945-4d9a-acbb-9bc960d43a89,مدرسة الفارابي للتعليم الأساسي,2026-04-18 03:57:09.621177+00,2026-04-18 04:03:44.468015+00
بلال الأحمدي,blal.alahmdy.w193@gmail.com,,parent,t,active,cfe73b06-0945-4d9a-acbb-9bc960d43a89,مدرسة الفارابي للتعليم الأساسي,2026-04-16 02:04:09.408551+00,
بلال البقمي,blal.albqmy.w130@gmail.com,,parent,t,active,cfe73b06-0945-4d9a-acbb-9bc960d43a89,مدرسة الفارابي للتعليم الأساسي,2026-04-16 02:04:09.057754+00,
بلال الجهني,blal.aljhny.w33@gmail.com,,parent,t,active,cfe73b06-0945-4d9a-acbb-9bc960d43a89,مدرسة الفارابي للتعليم الأساسي,2026-04-16 02:04:08.524601+00,
بلال الجهني,blal.aljhny.w196@gmail.com,,parent,t,active,e99d639a-2d11-4d93-bc3f-f15cfb5e45e0,أكاديمية ابن سينا الدولية,2026-04-16 02:04:10.905746+00,
بلال الحربي,blal.alhrby.w202@gmail.com,,parent,t,active,e99d639a-2d11-4d93-bc3f-f15cfb5e45e0,أكاديمية ابن سينا الدولية,2026-04-16 02:04:10.93977+00,
بلال الحربي,blal.alhrby.w243@gmail.com,,parent,t,active,e99d639a-2d11-4d93-bc3f-f15cfb5e45e0,أكاديمية ابن سينا الدولية,2026-04-16 02:04:11.211248+00,
بلال الدوسري,blal.aldwsry.w35@gmail.com,,parent,t,active,e99d639a-2d11-4d93-bc3f-f15cfb5e45e0,أكاديمية ابن سينا الدولية,2026-04-16 02:04:09.942923+00,
بلال الرشيدي,blal.alrshydy.w16@gmail.com,,parent,t,active,cfe73b06-0945-4d9a-acbb-9bc960d43a89,مدرسة الفارابي للتعليم الأساسي,2026-04-16 02:04:08.42992+00,
بلال الرشيدي,blal.alrshydy.w106@gmail.com,,parent,t,active,cfe73b06-0945-4d9a-acbb-9bc960d43a89,مدرسة الفارابي للتعليم الأساسي,2026-04-16 02:04:08.925178+00,
بلال الرشيدي,blal.alrshydy.w144@gmail.com,,parent,t,active,e99d639a-2d11-4d93-bc3f-f15cfb5e45e0,أكاديمية ابن سينا الدولية,2026-04-16 02:04:10.609665+00,
بلال الرويلي,blal.alrwyly.w72@gmail.com,,parent,t,active,cfe73b06-0945-4d9a-acbb-9bc960d43a89,مدرسة الفارابي للتعليم الأساسي,2026-04-16 02:04:08.738951+00,
بلال الرويلي,blal.alrwyly.w172@gmail.com,,parent,t,active,e99d639a-2d11-4d93-bc3f-f15cfb5e45e0,أكاديمية ابن سينا الدولية,2026-04-16 02:04:10.769212+00,
بلال الشمري,blal.alshmry.w199@gmail.com,,parent,t,active,e99d639a-2d11-4d93-bc3f-f15cfb5e45e0,أكاديمية ابن سينا الدولية,2026-04-16 02:04:10.922301+00,
بلال الصاعدي,blal.alsaady.w121@gmail.com,,parent,t,active,e99d639a-2d11-4d93-bc3f-f15cfb5e45e0,أكاديمية ابن سينا الدولية,2026-04-16 02:04:10.475556+00,
بلال الصاعدي,blal.alsaady.w119@gmail.com,,parent,t,active,e99d639a-2d11-4d93-bc3f-f15cfb5e45e0,أكاديمية ابن سينا الدولية,2026-04-16 02:04:10.462096+00,
بلال العتيبي,blal.alatyby.w163@gmail.com,,parent,t,active,cfe73b06-0945-4d9a-acbb-9bc960d43a89,مدرسة الفارابي للتعليم الأساسي,2026-04-16 02:04:09.240921+00,
بلال العتيبي,blal.alatyby.w76@gmail.com,,parent,t,active,cfe73b06-0945-4d9a-acbb-9bc960d43a89,مدرسة الفارابي للتعليم الأساسي,2026-04-16 02:04:08.760024+00,
بلال العجمي,blal.alajmy.w71@gmail.com,,parent,t,active,cfe73b06-0945-4d9a-acbb-9bc960d43a89,مدرسة الفارابي للتعليم الأساسي,2026-04-16 02:04:08.73362+00,
بلال العجمي,blal.alajmy.w63@gmail.com,,parent,t,active,e99d639a-2d11-4d93-bc3f-f15cfb5e45e0,أكاديمية ابن سينا الدولية,2026-04-16 02:04:10.097676+00,
بلال العنزي,blal.alanzy.w37@gmail.com,,parent,t,active,cfe73b06-0945-4d9a-acbb-9bc960d43a89,مدرسة الفارابي للتعليم الأساسي,2026-04-16 02:04:08.54594+00,
بلال المالكي,blal.almalky.w110@gmail.com,,parent,t,active,cfe73b06-0945-4d9a-acbb-9bc960d43a89,مدرسة الفارابي للتعليم الأساسي,2026-04-16 02:04:08.947566+00,
بلال المالكي,blal.almalky.w154@gmail.com,,parent,t,active,e99d639a-2d11-4d93-bc3f-f15cfb5e45e0,أكاديمية ابن سينا الدولية,2026-04-16 02:04:10.66567+00,
بلال المالكي,blal.almalky.w2@gmail.com,,parent,t,active,cfe73b06-0945-4d9a-acbb-9bc960d43a89,مدرسة الفارابي للتعليم الأساسي,2026-04-16 02:04:08.344933+00,
بلال المالكي,blal.almalky.w190@gmail.com,,parent,t,active,e99d639a-2d11-4d93-bc3f-f15cfb5e45e0,أكاديمية ابن سينا الدولية,2026-04-16 02:04:10.872087+00,
بلال المطيري,blal.almtyry.w223@gmail.com,,parent,t,active,cfe73b06-0945-4d9a-acbb-9bc960d43a89,مدرسة الفارابي للتعليم الأساسي,2026-04-16 02:04:09.576703+00,
بلال المطيري,blal.almtyry.w226@gmail.com,,parent,t,active,cfe73b06-0945-4d9a-acbb-9bc960d43a89,مدرسة الفارابي للتعليم الأساسي,2026-04-16 02:04:09.593491+00,
بلال المطيري,blal.almtyry.w46@gmail.com,,parent,t,active,e99d639a-2d11-4d93-bc3f-f15cfb5e45e0,أكاديمية ابن سينا الدولية,2026-04-16 02:04:10.002513+00,
بلال الوادعي,blal.alwaday.w84@gmail.com,,parent,t,active,e99d639a-2d11-4d93-bc3f-f15cfb5e45e0,أكاديمية ابن سينا الدولية,2026-04-16 02:04:10.226209+00,
حسن الأحمدي,hsn.alahmdy.w12@gmail.com,,parent,t,active,cfe73b06-0945-4d9a-acbb-9bc960d43a89,مدرسة الفارابي للتعليم الأساسي,2026-04-16 02:04:08.407365+00,
حسن الأحمدي,hsn.alahmdy.w208@gmail.com,,parent,t,active,e99d639a-2d11-4d93-bc3f-f15cfb5e45e0,أكاديمية ابن سينا الدولية,2026-04-16 02:04:10.975045+00,
حسن الأحمدي,hsn.alahmdy.w206@gmail.com,,parent,t,active,cfe73b06-0945-4d9a-acbb-9bc960d43a89,مدرسة الفارابي للتعليم الأساسي,2026-04-16 02:04:09.481804+00,
حسن الأحمدي,hsn.alahmdy.w85@gmail.com,,parent,t,active,e99d639a-2d11-4d93-bc3f-f15cfb5e45e0,أكاديمية ابن سينا الدولية,2026-04-16 02:04:10.232034+00,
حسن التميمي,hsn.altmymy.w233@gmail.com,,parent,t,active,e99d639a-2d11-4d93-bc3f-f15cfb5e45e0,أكاديمية ابن سينا الدولية,2026-04-16 02:04:11.154306+00,
حسن التميمي,hsn.altmymy.w220@gmail.com,,parent,t,active,e99d639a-2d11-4d93-bc3f-f15cfb5e45e0,أكاديمية ابن سينا الدولية,2026-04-16 02:04:11.051591+00,
حسن التميمي,hsn.altmymy.w215@gmail.com,,parent,t,active,e99d639a-2d11-4d93-bc3f-f15cfb5e45e0,أكاديمية ابن سينا الدولية,2026-04-16 02:04:11.017192+00,
حسن التميمي,hsn.altmymy.w99@gmail.com,,parent,t,active,e99d639a-2d11-4d93-bc3f-f15cfb5e45e0,أكاديمية ابن سينا الدولية,2026-04-16 02:04:10.316474+00,
حسن التميمي,hsn.altmymy.w71@gmail.com,,parent,t,active,e99d639a-2d11-4d93-bc3f-f15cfb5e45e0,أكاديمية ابن سينا الدولية,2026-04-16 02:04:10.144113+00,
حسن الجهني,hsn.aljhny.w198@gmail.com,,parent,t,active,e99d639a-2d11-4d93-bc3f-f15cfb5e45e0,أكاديمية ابن سينا الدولية,2026-04-16 02:04:10.916665+00,
حسن الجهني,hsn.aljhny.w86@gmail.com,,parent,t,active,cfe73b06-0945-4d9a-acbb-9bc960d43a89,مدرسة الفارابي للتعليم الأساسي,2026-04-16 02:04:08.815419+00,
حسن الحربي,hsn.alhrby.w127@gmail.com,,parent,t,active,cfe73b06-0945-4d9a-acbb-9bc960d43a89,مدرسة الفارابي للتعليم الأساسي,2026-04-16 02:04:09.040204+00,
حسن الحربي,hsn.alhrby.w14@gmail.com,,parent,t,active,cfe73b06-0945-4d9a-acbb-9bc960d43a89,مدرسة الفارابي للتعليم الأساسي,2026-04-16 02:04:08.418875+00,
حسن الدوسري,hsn.aldwsry.w91@gmail.com,,parent,t,active,cfe73b06-0945-4d9a-acbb-9bc960d43a89,مدرسة الفارابي للتعليم الأساسي,2026-04-16 02:04:08.842451+00,
حسن الدوسري,hsn.aldwsry.w186@gmail.com,,parent,t,active,cfe73b06-0945-4d9a-acbb-9bc960d43a89,مدرسة الفارابي للتعليم الأساسي,2026-04-16 02:04:09.367997+00,
حسن الدوسري,hsn.aldwsry.w31@gmail.com,,parent,t,active,cfe73b06-0945-4d9a-acbb-9bc960d43a89,مدرسة الفارابي للتعليم الأساسي,2026-04-16 02:04:08.514014+00,
حسن الدوسري,hsn.aldwsry.w3@gmail.com,,parent,t,active,cfe73b06-0945-4d9a-acbb-9bc960d43a89,مدرسة الفارابي للتعليم الأساسي,2026-04-16 02:04:08.355573+00,
حسن الرشيدي,hsn.alrshydy.w99@gmail.com,,parent,t,active,cfe73b06-0945-4d9a-acbb-9bc960d43a89,مدرسة الفارابي للتعليم الأساسي,2026-04-16 02:04:08.886142+00,
حسن الرويلي,hsn.alrwyly.w195@gmail.com,,parent,t,active,e99d639a-2d11-4d93-bc3f-f15cfb5e45e0,أكاديمية ابن سينا الدولية,2026-04-16 02:04:10.900132+00,
حسن الرويلي,hsn.alrwyly.w196@gmail.com,,parent,t,active,cfe73b06-0945-4d9a-acbb-9bc960d43a89,مدرسة الفارابي للتعليم الأساسي,2026-04-16 02:04:09.424923+00,
حسن الزهراني,hsn.alzhrany.w216@gmail.com,,parent,t,active,e99d639a-2d11-4d93-bc3f-f15cfb5e45e0,أكاديمية ابن سينا الدولية,2026-04-16 02:04:11.023209+00,
حسن الزهراني,hsn.alzhrany.w25@gmail.com,,parent,t,active,cfe73b06-0945-4d9a-acbb-9bc960d43a89,مدرسة الفارابي للتعليم الأساسي,2026-04-16 02:04:08.480161+00,
حسن السبيعي,hsn.alsbyay.w52@gmail.com,,parent,t,active,e99d639a-2d11-4d93-bc3f-f15cfb5e45e0,أكاديمية ابن سينا الدولية,2026-04-16 02:04:10.035179+00,
حسن الصاعدي,hsn.alsaady.w22@gmail.com,,parent,t,active,cfe73b06-0945-4d9a-acbb-9bc960d43a89,مدرسة الفارابي للتعليم الأساسي,2026-04-16 02:04:08.463746+00,
حسن العجمي,hsn.alajmy.w17@gmail.com,,parent,t,active,cfe73b06-0945-4d9a-acbb-9bc960d43a89,مدرسة الفارابي للتعليم الأساسي,2026-04-16 02:04:08.435453+00,
حسن العنزي,hsn.alanzy.w234@gmail.com,,parent,t,active,e99d639a-2d11-4d93-bc3f-f15cfb5e45e0,أكاديمية ابن سينا الدولية,2026-04-16 02:04:11.159705+00,
حسن العنزي,hsn.alanzy.w41@gmail.com,,parent,t,active,cfe73b06-0945-4d9a-acbb-9bc960d43a89,مدرسة الفارابي للتعليم الأساسي,2026-04-16 02:04:08.56899+00,
حسن القحطاني,hsn.alqhtany.w219@gmail.com,,parent,t,active,e99d639a-2d11-4d93-bc3f-f15cfb5e45e0,أكاديمية ابن سينا الدولية,2026-04-16 02:04:11.041012+00,
حسن القحطاني,hsn.alqhtany.w231@gmail.com,,parent,t,active,e99d639a-2d11-4d93-bc3f-f15cfb5e45e0,أكاديمية ابن سينا الدولية,2026-04-16 02:04:11.141904+00,
حسن القحطاني,hsn.alqhtany.w227@gmail.com,,parent,t,active,e99d639a-2d11-4d93-bc3f-f15cfb5e45e0,أكاديمية ابن سينا الدولية,2026-04-16 02:04:11.119569+00,
حسن المالكي,hsn.almalky.w68@gmail.com,,parent,t,active,cfe73b06-0945-4d9a-acbb-9bc960d43a89,مدرسة الفارابي للتعليم الأساسي,2026-04-16 02:04:08.716905+00,
حسن المالكي,hsn.almalky.w204@gmail.com,,parent,t,active,cfe73b06-0945-4d9a-acbb-9bc960d43a89,مدرسة الفارابي للتعليم الأساسي,2026-04-16 02:04:09.470549+00,
حسن المطيري,hsn.almtyry.w42@gmail.com,,parent,t,active,cfe73b06-0945-4d9a-acbb-9bc960d43a89,مدرسة الفارابي للتعليم الأساسي,2026-04-16 02:04:08.574814+00,
خالد الأحمدي,khald.alahmdy.w32@gmail.com,,parent,t,active,cfe73b06-0945-4d9a-acbb-9bc960d43a89,مدرسة الفارابي للتعليم الأساسي,2026-04-16 02:04:08.51916+00,
خالد البقمي,khald.albqmy.w134@gmail.com,,parent,t,active,cfe73b06-0945-4d9a-acbb-9bc960d43a89,مدرسة الفارابي للتعليم الأساسي,2026-04-16 02:04:09.079879+00,
خالد التميمي,khald.altmymy.w148@gmail.com,,parent,t,active,e99d639a-2d11-4d93-bc3f-f15cfb5e45e0,أكاديمية ابن سينا الدولية,2026-04-16 02:04:10.632324+00,
خالد التميمي,khald.altmymy.w35@gmail.com,,parent,t,active,cfe73b06-0945-4d9a-acbb-9bc960d43a89,مدرسة الفارابي للتعليم الأساسي,2026-04-16 02:04:08.536131+00,
خالد التميمي,khald.altmymy.w104@gmail.com,,parent,t,active,cfe73b06-0945-4d9a-acbb-9bc960d43a89,مدرسة الفارابي للتعليم الأساسي,2026-04-16 02:04:08.913537+00,
خالد التميمي,khald.altmymy.w165@gmail.com,,parent,t,active,cfe73b06-0945-4d9a-acbb-9bc960d43a89,مدرسة الفارابي للتعليم الأساسي,2026-04-16 02:04:09.2522+00,
خالد التميمي,khald.altmymy.w50@gmail.com,,parent,t,active,cfe73b06-0945-4d9a-acbb-9bc960d43a89,مدرسة الفارابي للتعليم الأساسي,2026-04-16 02:04:08.618188+00,
خالد الجهني,khald.aljhny.w200@gmail.com,,parent,t,active,e99d639a-2d11-4d93-bc3f-f15cfb5e45e0,أكاديمية ابن سينا الدولية,2026-04-16 02:04:10.928631+00,
خالد الجهني,khald.aljhny.w171@gmail.com,,parent,t,active,e99d639a-2d11-4d93-bc3f-f15cfb5e45e0,أكاديمية ابن سينا الدولية,2026-04-16 02:04:10.76393+00,
خالد الحربي,khald.alhrby.w174@gmail.com,,parent,t,active,cfe73b06-0945-4d9a-acbb-9bc960d43a89,مدرسة الفارابي للتعليم الأساسي,2026-04-16 02:04:09.30331+00,
خالد الحربي,khald.alhrby.w164@gmail.com,,parent,t,active,e99d639a-2d11-4d93-bc3f-f15cfb5e45e0,أكاديمية ابن سينا الدولية,2026-04-16 02:04:10.725028+00,
خالد الحربي,khald.alhrby.w39@gmail.com,,parent,t,active,cfe73b06-0945-4d9a-acbb-9bc960d43a89,مدرسة الفارابي للتعليم الأساسي,2026-04-16 02:04:08.556978+00,
خالد الدوسري,khald.aldwsry.w110@gmail.com,,parent,t,active,e99d639a-2d11-4d93-bc3f-f15cfb5e45e0,أكاديمية ابن سينا الدولية,2026-04-16 02:04:10.391108+00,
خالد الدوسري,khald.aldwsry.w188@gmail.com,,parent,t,active,cfe73b06-0945-4d9a-acbb-9bc960d43a89,مدرسة الفارابي للتعليم الأساسي,2026-04-16 02:04:09.378693+00,
خالد الرشيدي,khald.alrshydy.w209@gmail.com,,parent,t,active,cfe73b06-0945-4d9a-acbb-9bc960d43a89,مدرسة الفارابي للتعليم الأساسي,2026-04-16 02:04:09.499224+00,
خالد الرشيدي,khald.alrshydy.w189@gmail.com,,parent,t,active,e99d639a-2d11-4d93-bc3f-f15cfb5e45e0,أكاديمية ابن سينا الدولية,2026-04-16 02:04:10.866506+00,
خالد الرويلي,khald.alrwyly.w114@gmail.com,,parent,t,active,cfe73b06-0945-4d9a-acbb-9bc960d43a89,مدرسة الفارابي للتعليم الأساسي,2026-04-16 02:04:08.969755+00,
خالد الزهراني,khald.alzhrany.w200@gmail.com,,parent,t,active,cfe73b06-0945-4d9a-acbb-9bc960d43a89,مدرسة الفارابي للتعليم الأساسي,2026-04-16 02:04:09.447442+00,
خالد الزهراني,khald.alzhrany.w117@gmail.com,,parent,t,active,cfe73b06-0945-4d9a-acbb-9bc960d43a89,مدرسة الفارابي للتعليم الأساسي,2026-04-16 02:04:08.985204+00,
خالد الزهراني,khald.alzhrany.w161@gmail.com,,parent,t,active,cfe73b06-0945-4d9a-acbb-9bc960d43a89,مدرسة الفارابي للتعليم الأساسي,2026-04-16 02:04:09.230109+00,
خالد السبيعي,khald.alsbyay.w211@gmail.com,,parent,t,active,cfe73b06-0945-4d9a-acbb-9bc960d43a89,مدرسة الفارابي للتعليم الأساسي,2026-04-16 02:04:09.509947+00,
خالد الشمري,khald.alshmry.w6@gmail.com,,parent,t,active,e99d639a-2d11-4d93-bc3f-f15cfb5e45e0,أكاديمية ابن سينا الدولية,2026-04-16 02:04:09.777816+00,
خالد الصاعدي,khald.alsaady.w188@gmail.com,,parent,t,active,e99d639a-2d11-4d93-bc3f-f15cfb5e45e0,أكاديمية ابن سينا الدولية,2026-04-16 02:04:10.860664+00,
خالد الصاعدي,khald.alsaady.w115@gmail.com,,parent,t,active,e99d639a-2d11-4d93-bc3f-f15cfb5e45e0,أكاديمية ابن سينا الدولية,2026-04-16 02:04:10.435366+00,
خالد العجمي,khald.alajmy.w38@gmail.com,,parent,t,active,e99d639a-2d11-4d93-bc3f-f15cfb5e45e0,أكاديمية ابن سينا الدولية,2026-04-16 02:04:09.959545+00,
خالد العجمي,khald.alajmy.w74@gmail.com,,parent,t,active,e99d639a-2d11-4d93-bc3f-f15cfb5e45e0,أكاديمية ابن سينا الدولية,2026-04-16 02:04:10.163115+00,
خالد العنزي,khald.alanzy.w54@gmail.com,,parent,t,active,e99d639a-2d11-4d93-bc3f-f15cfb5e45e0,أكاديمية ابن سينا الدولية,2026-04-16 02:04:10.046623+00,
خالد العنزي,khald.alanzy.w28@gmail.com,,parent,t,active,e99d639a-2d11-4d93-bc3f-f15cfb5e45e0,أكاديمية ابن سينا الدولية,2026-04-16 02:04:09.903599+00,
خالد الغامدي,khald.alghamdy.w240@gmail.com,,parent,t,active,e99d639a-2d11-4d93-bc3f-f15cfb5e45e0,أكاديمية ابن سينا الدولية,2026-04-16 02:04:11.193832+00,
خالد القحطاني,khald.alqhtany.w201@gmail.com,,parent,t,active,cfe73b06-0945-4d9a-acbb-9bc960d43a89,مدرسة الفارابي للتعليم الأساسي,2026-04-16 02:04:09.452988+00,
خالد القحطاني,khald.alqhtany.w38@gmail.com,,parent,t,active,cfe73b06-0945-4d9a-acbb-9bc960d43a89,مدرسة الفارابي للتعليم الأساسي,2026-04-16 02:04:08.551623+00,
خالد القحطاني,khald.alqhtany.w103@gmail.com,,parent,t,active,e99d639a-2d11-4d93-bc3f-f15cfb5e45e0,أكاديمية ابن سينا الدولية,2026-04-16 02:04:10.339365+00,
خالد المالكي,khald.almalky.w215@gmail.com,,parent,t,active,cfe73b06-0945-4d9a-acbb-9bc960d43a89,مدرسة الفارابي للتعليم الأساسي,2026-04-16 02:04:09.531709+00,
خالد المالكي,khald.almalky.w65@gmail.com,,parent,t,active,e99d639a-2d11-4d93-bc3f-f15cfb5e45e0,أكاديمية ابن سينا الدولية,2026-04-16 02:04:10.108883+00,
خالد المالكي,khald.almalky.w190@gmail.com,,parent,t,active,cfe73b06-0945-4d9a-acbb-9bc960d43a89,مدرسة الفارابي للتعليم الأساسي,2026-04-16 02:04:09.390697+00,
رائد الأحمدي,rayd.alahmdy.w157@gmail.com,,parent,t,active,cfe73b06-0945-4d9a-acbb-9bc960d43a89,مدرسة الفارابي للتعليم الأساسي,2026-04-16 02:04:09.205659+00,
رائد التميمي,rayd.altmymy.w120@gmail.com,,parent,t,active,cfe73b06-0945-4d9a-acbb-9bc960d43a89,مدرسة الفارابي للتعليم الأساسي,2026-04-16 02:04:09.001228+00,
رائد الجهني,rayd.aljhny.w227@gmail.com,,parent,t,active,cfe73b06-0945-4d9a-acbb-9bc960d43a89,مدرسة الفارابي للتعليم الأساسي,2026-04-16 02:04:09.599038+00,
رائد الدوسري,rayd.aldwsry.w203@gmail.com,,parent,t,active,cfe73b06-0945-4d9a-acbb-9bc960d43a89,مدرسة الفارابي للتعليم الأساسي,2026-04-16 02:04:09.464667+00,
رائد الرشيدي,rayd.alrshydy.w124@gmail.com,,parent,t,active,e99d639a-2d11-4d93-bc3f-f15cfb5e45e0,أكاديمية ابن سينا الدولية,2026-04-16 02:04:10.495026+00,
رائد السبيعي,rayd.alsbyay.w111@gmail.com,,parent,t,active,cfe73b06-0945-4d9a-acbb-9bc960d43a89,مدرسة الفارابي للتعليم الأساسي,2026-04-16 02:04:08.953053+00,
رائد الشمري,rayd.alshmry.w192@gmail.com,,parent,t,active,e99d639a-2d11-4d93-bc3f-f15cfb5e45e0,أكاديمية ابن سينا الدولية,2026-04-16 02:04:10.883227+00,
رائد الشمري,rayd.alshmry.w245@gmail.com,,parent,t,active,e99d639a-2d11-4d93-bc3f-f15cfb5e45e0,أكاديمية ابن سينا الدولية,2026-04-16 02:04:11.223223+00,
رائد الشمري,rayd.alshmry.w185@gmail.com,,parent,t,active,e99d639a-2d11-4d93-bc3f-f15cfb5e45e0,أكاديمية ابن سينا الدولية,2026-04-16 02:04:10.843335+00,
رائد الصاعدي,rayd.alsaady.w48@gmail.com,,parent,t,active,cfe73b06-0945-4d9a-acbb-9bc960d43a89,مدرسة الفارابي للتعليم الأساسي,2026-04-16 02:04:08.60772+00,
رائد العتيبي,rayd.alatyby.w144@gmail.com,,parent,t,active,cfe73b06-0945-4d9a-acbb-9bc960d43a89,مدرسة الفارابي للتعليم الأساسي,2026-04-16 02:04:09.135127+00,
رائد العتيبي,rayd.alatyby.w219@gmail.com,,parent,t,active,cfe73b06-0945-4d9a-acbb-9bc960d43a89,مدرسة الفارابي للتعليم الأساسي,2026-04-16 02:04:09.554224+00,
رائد العجمي,rayd.alajmy.w162@gmail.com,,parent,t,active,e99d639a-2d11-4d93-bc3f-f15cfb5e45e0,أكاديمية ابن سينا الدولية,2026-04-16 02:04:10.712474+00,
رائد العنزي,rayd.alanzy.w113@gmail.com,,parent,t,active,cfe73b06-0945-4d9a-acbb-9bc960d43a89,مدرسة الفارابي للتعليم الأساسي,2026-04-16 02:04:08.96423+00,
رائد العنزي,rayd.alanzy.w191@gmail.com,,parent,t,active,e99d639a-2d11-4d93-bc3f-f15cfb5e45e0,أكاديمية ابن سينا الدولية,2026-04-16 02:04:10.877428+00,
رائد الغامدي,rayd.alghamdy.w64@gmail.com,,parent,t,active,e99d639a-2d11-4d93-bc3f-f15cfb5e45e0,أكاديمية ابن سينا الدولية,2026-04-16 02:04:10.103611+00,
رائد الغامدي,rayd.alghamdy.w168@gmail.com,,parent,t,active,e99d639a-2d11-4d93-bc3f-f15cfb5e45e0,أكاديمية ابن سينا الدولية,2026-04-16 02:04:10.746215+00,
رائد الغامدي,rayd.alghamdy.w54@gmail.com,,parent,t,active,cfe73b06-0945-4d9a-acbb-9bc960d43a89,مدرسة الفارابي للتعليم الأساسي,2026-04-16 02:04:08.639996+00,
رائد القحطاني,rayd.alqhtany.w207@gmail.com,,parent,t,active,e99d639a-2d11-4d93-bc3f-f15cfb5e45e0,أكاديمية ابن سينا الدولية,2026-04-16 02:04:10.968879+00,
رائد القحطاني,rayd.alqhtany.w147@gmail.com,,parent,t,active,cfe73b06-0945-4d9a-acbb-9bc960d43a89,مدرسة الفارابي للتعليم الأساسي,2026-04-16 02:04:09.152044+00,
رائد المطيري,rayd.almtyry.w90@gmail.com,,parent,t,active,cfe73b06-0945-4d9a-acbb-9bc960d43a89,مدرسة الفارابي للتعليم الأساسي,2026-04-16 02:04:08.836446+00,
زياد الأحمدي,zyad.alahmdy.w142@gmail.com,,parent,t,active,e99d639a-2d11-4d93-bc3f-f15cfb5e45e0,أكاديمية ابن سينا الدولية,2026-04-16 02:04:10.598608+00,
زياد الحربي,zyad.alhrby.w152@gmail.com,,parent,t,active,cfe73b06-0945-4d9a-acbb-9bc960d43a89,مدرسة الفارابي للتعليم الأساسي,2026-04-16 02:04:09.178484+00,
زياد الرشيدي,zyad.alrshydy.w158@gmail.com,,parent,t,active,e99d639a-2d11-4d93-bc3f-f15cfb5e45e0,أكاديمية ابن سينا الدولية,2026-04-16 02:04:10.687563+00,
زياد الرشيدي,zyad.alrshydy.w140@gmail.com,,parent,t,active,cfe73b06-0945-4d9a-acbb-9bc960d43a89,مدرسة الفارابي للتعليم الأساسي,2026-04-16 02:04:09.113182+00,
زياد الرشيدي,zyad.alrshydy.w81@gmail.com,,parent,t,active,cfe73b06-0945-4d9a-acbb-9bc960d43a89,مدرسة الفارابي للتعليم الأساسي,2026-04-16 02:04:08.787837+00,
زياد الرويلي,zyad.alrwyly.w98@gmail.com,,parent,t,active,cfe73b06-0945-4d9a-acbb-9bc960d43a89,مدرسة الفارابي للتعليم الأساسي,2026-04-16 02:04:08.881121+00,
زياد الزهراني,zyad.alzhrany.w184@gmail.com,,parent,t,active,cfe73b06-0945-4d9a-acbb-9bc960d43a89,مدرسة الفارابي للتعليم الأساسي,2026-04-16 02:04:09.357832+00,
زياد الزهراني,zyad.alzhrany.w128@gmail.com,,parent,t,active,e99d639a-2d11-4d93-bc3f-f15cfb5e45e0,أكاديمية ابن سينا الدولية,2026-04-16 02:04:10.518614+00,
زياد الزهراني,zyad.alzhrany.w241@gmail.com,,parent,t,active,e99d639a-2d11-4d93-bc3f-f15cfb5e45e0,أكاديمية ابن سينا الدولية,2026-04-16 02:04:11.199115+00,
زياد السبيعي,zyad.alsbyay.w57@gmail.com,,parent,t,active,cfe73b06-0945-4d9a-acbb-9bc960d43a89,مدرسة الفارابي للتعليم الأساسي,2026-04-16 02:04:08.656438+00,
زياد الشمري,zyad.alshmry.w171@gmail.com,,parent,t,active,cfe73b06-0945-4d9a-acbb-9bc960d43a89,مدرسة الفارابي للتعليم الأساسي,2026-04-16 02:04:09.286144+00,
زياد الشمري,zyad.alshmry.w105@gmail.com,,parent,t,active,e99d639a-2d11-4d93-bc3f-f15cfb5e45e0,أكاديمية ابن سينا الدولية,2026-04-16 02:04:10.351241+00,
زياد الشمري,zyad.alshmry.w233@gmail.com,,parent,t,active,cfe73b06-0945-4d9a-acbb-9bc960d43a89,مدرسة الفارابي للتعليم الأساسي,2026-04-16 02:04:09.632584+00,
زياد الشمري,zyad.alshmry.w130@gmail.com,,parent,t,active,e99d639a-2d11-4d93-bc3f-f15cfb5e45e0,أكاديمية ابن سينا الدولية,2026-04-16 02:04:10.529998+00,
زياد الصاعدي,zyad.alsaady.w228@gmail.com,,parent,t,active,cfe73b06-0945-4d9a-acbb-9bc960d43a89,مدرسة الفارابي للتعليم الأساسي,2026-04-16 02:04:09.604215+00,
زياد الصاعدي,zyad.alsaady.w108@gmail.com,,parent,t,active,cfe73b06-0945-4d9a-acbb-9bc960d43a89,مدرسة الفارابي للتعليم الأساسي,2026-04-16 02:04:08.936564+00,
زياد الصاعدي,zyad.alsaady.w231@gmail.com,,parent,t,active,cfe73b06-0945-4d9a-acbb-9bc960d43a89,مدرسة الفارابي للتعليم الأساسي,2026-04-16 02:04:09.62098+00,
زياد العتيبي,zyad.alatyby.w212@gmail.com,,parent,t,active,e99d639a-2d11-4d93-bc3f-f15cfb5e45e0,أكاديمية ابن سينا الدولية,2026-04-16 02:04:10.999114+00,
زياد العتيبي,zyad.alatyby.w101@gmail.com,,parent,t,active,cfe73b06-0945-4d9a-acbb-9bc960d43a89,مدرسة الفارابي للتعليم الأساسي,2026-04-16 02:04:08.896874+00,
زياد العنزي,zyad.alanzy.w29@gmail.com,,parent,t,active,cfe73b06-0945-4d9a-acbb-9bc960d43a89,مدرسة الفارابي للتعليم الأساسي,2026-04-16 02:04:08.502463+00,
زياد الغامدي,zyad.alghamdy.w202@gmail.com,,parent,t,active,cfe73b06-0945-4d9a-acbb-9bc960d43a89,مدرسة الفارابي للتعليم الأساسي,2026-04-16 02:04:09.4582+00,
زياد الغامدي,zyad.alghamdy.w248@gmail.com,,parent,t,active,cfe73b06-0945-4d9a-acbb-9bc960d43a89,مدرسة الفارابي للتعليم الأساسي,2026-04-16 02:04:09.71506+00,
زياد القحطاني,zyad.alqhtany.w49@gmail.com,,parent,t,active,cfe73b06-0945-4d9a-acbb-9bc960d43a89,مدرسة الفارابي للتعليم الأساسي,2026-04-16 02:04:08.612962+00,
سعد الأحمدي,sad.alahmdy.w24@gmail.com,,parent,t,active,e99d639a-2d11-4d93-bc3f-f15cfb5e45e0,أكاديمية ابن سينا الدولية,2026-04-16 02:04:09.881736+00,
سعد الأحمدي,sad.alahmdy.w79@gmail.com,,parent,t,active,e99d639a-2d11-4d93-bc3f-f15cfb5e45e0,أكاديمية ابن سينا الدولية,2026-04-16 02:04:10.191192+00,
سعد التميمي,sad.altmymy.w250@gmail.com,,parent,t,active,cfe73b06-0945-4d9a-acbb-9bc960d43a89,مدرسة الفارابي للتعليم الأساسي,2026-04-16 02:04:09.727161+00,
سعد التميمي,sad.altmymy.w5@gmail.com,,parent,t,active,cfe73b06-0945-4d9a-acbb-9bc960d43a89,مدرسة الفارابي للتعليم الأساسي,2026-04-16 02:04:08.367281+00,
سعد التميمي,sad.altmymy.w199@gmail.com,,parent,t,active,cfe73b06-0945-4d9a-acbb-9bc960d43a89,مدرسة الفارابي للتعليم الأساسي,2026-04-16 02:04:09.441933+00,
سعد الجهني,sad.aljhny.w91@gmail.com,,parent,t,active,e99d639a-2d11-4d93-bc3f-f15cfb5e45e0,أكاديمية ابن سينا الدولية,2026-04-16 02:04:10.269096+00,
سعد الحربي,sad.alhrby.w141@gmail.com,,parent,t,active,e99d639a-2d11-4d93-bc3f-f15cfb5e45e0,أكاديمية ابن سينا الدولية,2026-04-16 02:04:10.592825+00,
سعد الدوسري,sad.aldwsry.w128@gmail.com,,parent,t,active,cfe73b06-0945-4d9a-acbb-9bc960d43a89,مدرسة الفارابي للتعليم الأساسي,2026-04-16 02:04:09.045883+00,
سعد الدوسري,sad.aldwsry.w176@gmail.com,,parent,t,active,cfe73b06-0945-4d9a-acbb-9bc960d43a89,مدرسة الفارابي للتعليم الأساسي,2026-04-16 02:04:09.313923+00,
سعد الرشيدي,sad.alrshydy.w72@gmail.com,,parent,t,active,e99d639a-2d11-4d93-bc3f-f15cfb5e45e0,أكاديمية ابن سينا الدولية,2026-04-16 02:04:10.151612+00,
سعد الشمري,sad.alshmry.w237@gmail.com,,parent,t,active,cfe73b06-0945-4d9a-acbb-9bc960d43a89,مدرسة الفارابي للتعليم الأساسي,2026-04-16 02:04:09.654779+00,
سعد الشمري,sad.alshmry.w197@gmail.com,,parent,t,active,cfe73b06-0945-4d9a-acbb-9bc960d43a89,مدرسة الفارابي للتعليم الأساسي,2026-04-16 02:04:09.430762+00,
سعد الشمري,sad.alshmry.w13@gmail.com,,parent,t,active,e99d639a-2d11-4d93-bc3f-f15cfb5e45e0,أكاديمية ابن سينا الدولية,2026-04-16 02:04:09.817626+00,
سعد الصاعدي,sad.alsaady.w4@gmail.com,,parent,t,active,cfe73b06-0945-4d9a-acbb-9bc960d43a89,مدرسة الفارابي للتعليم الأساسي,2026-04-16 02:04:08.361194+00,
سعد الغامدي,sad.alghamdy.w211@gmail.com,,parent,t,active,e99d639a-2d11-4d93-bc3f-f15cfb5e45e0,أكاديمية ابن سينا الدولية,2026-04-16 02:04:10.993103+00,
سعد الغامدي,sad.alghamdy.w191@gmail.com,,parent,t,active,cfe73b06-0945-4d9a-acbb-9bc960d43a89,مدرسة الفارابي للتعليم الأساسي,2026-04-16 02:04:09.396425+00,
سعد الغامدي,sad.alghamdy.w140@gmail.com,,parent,t,active,e99d639a-2d11-4d93-bc3f-f15cfb5e45e0,أكاديمية ابن سينا الدولية,2026-04-16 02:04:10.58661+00,
سعد المطيري,sad.almtyry.w139@gmail.com,,parent,t,active,cfe73b06-0945-4d9a-acbb-9bc960d43a89,مدرسة الفارابي للتعليم الأساسي,2026-04-16 02:04:09.107691+00,
سعد الوادعي,sad.alwaday.w53@gmail.com,,parent,t,active,e99d639a-2d11-4d93-bc3f-f15cfb5e45e0,أكاديمية ابن سينا الدولية,2026-04-16 02:04:10.040893+00,
سعد الوادعي,sad.alwaday.w28@gmail.com,,parent,t,active,cfe73b06-0945-4d9a-acbb-9bc960d43a89,مدرسة الفارابي للتعليم الأساسي,2026-04-16 02:04:08.497019+00,
سلطان الأحمدي,sltan.alahmdy.w57@gmail.com,,parent,t,active,e99d639a-2d11-4d93-bc3f-f15cfb5e45e0,أكاديمية ابن سينا الدولية,2026-04-16 02:04:10.064708+00,
سلطان البقمي,sltan.albqmy.w180@gmail.com,,parent,t,active,cfe73b06-0945-4d9a-acbb-9bc960d43a89,مدرسة الفارابي للتعليم الأساسي,2026-04-16 02:04:09.33541+00,
سلطان الجهني,sltan.aljhny.w150@gmail.com,,parent,t,active,e99d639a-2d11-4d93-bc3f-f15cfb5e45e0,أكاديمية ابن سينا الدولية,2026-04-16 02:04:10.643762+00,
سلطان الجهني,sltan.aljhny.w7@gmail.com,,parent,t,active,e99d639a-2d11-4d93-bc3f-f15cfb5e45e0,أكاديمية ابن سينا الدولية,2026-04-16 02:04:09.78342+00,
سلطان الجهني,sltan.aljhny.w100@gmail.com,,parent,t,active,e99d639a-2d11-4d93-bc3f-f15cfb5e45e0,أكاديمية ابن سينا الدولية,2026-04-16 02:04:10.322194+00,
سلطان الجهني,sltan.aljhny.w138@gmail.com,,parent,t,active,e99d639a-2d11-4d93-bc3f-f15cfb5e45e0,أكاديمية ابن سينا الدولية,2026-04-16 02:04:10.575148+00,
سلطان الحربي,sltan.alhrby.w15@gmail.com,,parent,t,active,cfe73b06-0945-4d9a-acbb-9bc960d43a89,مدرسة الفارابي للتعليم الأساسي,2026-04-16 02:04:08.424263+00,
سلطان الرشيدي,sltan.alrshydy.w78@gmail.com,,parent,t,active,cfe73b06-0945-4d9a-acbb-9bc960d43a89,مدرسة الفارابي للتعليم الأساسي,2026-04-16 02:04:08.771145+00,
سلطان الزهراني,sltan.alzhrany.w45@gmail.com,,parent,t,active,cfe73b06-0945-4d9a-acbb-9bc960d43a89,مدرسة الفارابي للتعليم الأساسي,2026-04-16 02:04:08.591748+00,
سلطان الزهراني,sltan.alzhrany.w147@gmail.com,,parent,t,active,e99d639a-2d11-4d93-bc3f-f15cfb5e45e0,أكاديمية ابن سينا الدولية,2026-04-16 02:04:10.626641+00,
سلطان السبيعي,sltan.alsbyay.w96@gmail.com,,parent,t,active,cfe73b06-0945-4d9a-acbb-9bc960d43a89,مدرسة الفارابي للتعليم الأساسي,2026-04-16 02:04:08.870446+00,
سلطان السبيعي,sltan.alsbyay.w15@gmail.com,,parent,t,active,e99d639a-2d11-4d93-bc3f-f15cfb5e45e0,أكاديمية ابن سينا الدولية,2026-04-16 02:04:09.829193+00,
سلطان الشمري,sltan.alshmry.w69@gmail.com,,parent,t,active,cfe73b06-0945-4d9a-acbb-9bc960d43a89,مدرسة الفارابي للتعليم الأساسي,2026-04-16 02:04:08.722553+00,
سلطان الصاعدي,sltan.alsaady.w151@gmail.com,,parent,t,active,e99d639a-2d11-4d93-bc3f-f15cfb5e45e0,أكاديمية ابن سينا الدولية,2026-04-16 02:04:10.64943+00,
سلطان الصاعدي,sltan.alsaady.w92@gmail.com,,parent,t,active,cfe73b06-0945-4d9a-acbb-9bc960d43a89,مدرسة الفارابي للتعليم الأساسي,2026-04-16 02:04:08.848044+00,
سلطان العجمي,sltan.alajmy.w97@gmail.com,,parent,t,active,cfe73b06-0945-4d9a-acbb-9bc960d43a89,مدرسة الفارابي للتعليم الأساسي,2026-04-16 02:04:08.875659+00,
سلطان الغامدي,sltan.alghamdy.w23@gmail.com,,parent,t,active,e99d639a-2d11-4d93-bc3f-f15cfb5e45e0,أكاديمية ابن سينا الدولية,2026-04-16 02:04:09.875925+00,
سلطان القحطاني,sltan.alqhtany.w160@gmail.com,,parent,t,active,e99d639a-2d11-4d93-bc3f-f15cfb5e45e0,أكاديمية ابن سينا الدولية,2026-04-16 02:04:10.699002+00,
سلطان المطيري,sltan.almtyry.w170@gmail.com,,parent,t,active,e99d639a-2d11-4d93-bc3f-f15cfb5e45e0,أكاديمية ابن سينا الدولية,2026-04-16 02:04:10.758086+00,
سلطان الوادعي,sltan.alwaday.w59@gmail.com,,parent,t,active,cfe73b06-0945-4d9a-acbb-9bc960d43a89,مدرسة الفارابي للتعليم الأساسي,2026-04-16 02:04:08.666798+00,
سلطان الوادعي,sltan.alwaday.w166@gmail.com,,parent,t,active,e99d639a-2d11-4d93-bc3f-f15cfb5e45e0,أكاديمية ابن سينا الدولية,2026-04-16 02:04:10.735465+00,
طارق الأحمدي,tarq.alahmdy.w114@gmail.com,,parent,t,active,e99d639a-2d11-4d93-bc3f-f15cfb5e45e0,أكاديمية ابن سينا الدولية,2026-04-16 02:04:10.424728+00,
طارق التميمي,tarq.altmymy.w133@gmail.com,,parent,t,active,cfe73b06-0945-4d9a-acbb-9bc960d43a89,مدرسة الفارابي للتعليم الأساسي,2026-04-16 02:04:09.074736+00,
طارق التميمي,tarq.altmymy.w241@gmail.com,,parent,t,active,cfe73b06-0945-4d9a-acbb-9bc960d43a89,مدرسة الفارابي للتعليم الأساسي,2026-04-16 02:04:09.675996+00,
طارق الحربي,tarq.alhrby.w213@gmail.com,,parent,t,active,cfe73b06-0945-4d9a-acbb-9bc960d43a89,مدرسة الفارابي للتعليم الأساسي,2026-04-16 02:04:09.520133+00,
طارق الرويلي,tarq.alrwyly.w205@gmail.com,,parent,t,active,cfe73b06-0945-4d9a-acbb-9bc960d43a89,مدرسة الفارابي للتعليم الأساسي,2026-04-16 02:04:09.475809+00,
طارق الشمري,tarq.alshmry.w137@gmail.com,,parent,t,active,e99d639a-2d11-4d93-bc3f-f15cfb5e45e0,أكاديمية ابن سينا الدولية,2026-04-16 02:04:10.56936+00,
طارق الصاعدي,tarq.alsaady.w161@gmail.com,,parent,t,active,e99d639a-2d11-4d93-bc3f-f15cfb5e45e0,أكاديمية ابن سينا الدولية,2026-04-16 02:04:10.704672+00,
طارق الصاعدي,tarq.alsaady.w11@gmail.com,,parent,t,active,cfe73b06-0945-4d9a-acbb-9bc960d43a89,مدرسة الفارابي للتعليم الأساسي,2026-04-16 02:04:08.401631+00,
طارق الصاعدي,tarq.alsaady.w36@gmail.com,,parent,t,active,e99d639a-2d11-4d93-bc3f-f15cfb5e45e0,أكاديمية ابن سينا الدولية,2026-04-16 02:04:09.94832+00,
طارق الصاعدي,tarq.alsaady.w230@gmail.com,,parent,t,active,e99d639a-2d11-4d93-bc3f-f15cfb5e45e0,أكاديمية ابن سينا الدولية,2026-04-16 02:04:11.136216+00,
طارق الصاعدي,tarq.alsaady.w92@gmail.com,,parent,t,active,e99d639a-2d11-4d93-bc3f-f15cfb5e45e0,أكاديمية ابن سينا الدولية,2026-04-16 02:04:10.274779+00,
طارق العجمي,tarq.alajmy.w73@gmail.com,,parent,t,active,e99d639a-2d11-4d93-bc3f-f15cfb5e45e0,أكاديمية ابن سينا الدولية,2026-04-16 02:04:10.157703+00,
طارق العنزي,tarq.alanzy.w189@gmail.com,,parent,t,active,cfe73b06-0945-4d9a-acbb-9bc960d43a89,مدرسة الفارابي للتعليم الأساسي,2026-04-16 02:04:09.385155+00,
طارق الغامدي,tarq.alghamdy.w209@gmail.com,,parent,t,active,e99d639a-2d11-4d93-bc3f-f15cfb5e45e0,أكاديمية ابن سينا الدولية,2026-04-16 02:04:10.981035+00,
طارق القحطاني,tarq.alqhtany.w132@gmail.com,,parent,t,active,cfe73b06-0945-4d9a-acbb-9bc960d43a89,مدرسة الفارابي للتعليم الأساسي,2026-04-16 02:04:09.06953+00,
طارق المالكي,tarq.almalky.w240@gmail.com,,parent,t,active,cfe73b06-0945-4d9a-acbb-9bc960d43a89,مدرسة الفارابي للتعليم الأساسي,2026-04-16 02:04:09.670577+00,
طارق الوادعي,tarq.alwaday.w9@gmail.com,,parent,t,active,e99d639a-2d11-4d93-bc3f-f15cfb5e45e0,أكاديمية ابن سينا الدولية,2026-04-16 02:04:09.793881+00,
طارق الوادعي,tarq.alwaday.w4@gmail.com,,parent,t,active,e99d639a-2d11-4d93-bc3f-f15cfb5e45e0,أكاديمية ابن سينا الدولية,2026-04-16 02:04:09.766448+00,
طارق الوادعي,tarq.alwaday.w133@gmail.com,,parent,t,active,e99d639a-2d11-4d93-bc3f-f15cfb5e45e0,أكاديمية ابن سينا الدولية,2026-04-16 02:04:10.547205+00,
عبدالله البقمي,abdallh.albqmy.w48@gmail.com,,parent,t,active,e99d639a-2d11-4d93-bc3f-f15cfb5e45e0,أكاديمية ابن سينا الدولية,2026-04-16 02:04:10.013462+00,
عبدالله البقمي,abdallh.albqmy.w100@gmail.com,,parent,t,active,cfe73b06-0945-4d9a-acbb-9bc960d43a89,مدرسة الفارابي للتعليم الأساسي,2026-04-16 02:04:08.891353+00,
عبدالله التميمي,abdallh.altmymy.w44@gmail.com,,parent,t,active,e99d639a-2d11-4d93-bc3f-f15cfb5e45e0,أكاديمية ابن سينا الدولية,2026-04-16 02:04:09.991121+00,
عبدالله التميمي,abdallh.altmymy.w236@gmail.com,,parent,t,active,e99d639a-2d11-4d93-bc3f-f15cfb5e45e0,أكاديمية ابن سينا الدولية,2026-04-16 02:04:11.170785+00,
عبدالله التميمي,abdallh.altmymy.w143@gmail.com,,parent,t,active,cfe73b06-0945-4d9a-acbb-9bc960d43a89,مدرسة الفارابي للتعليم الأساسي,2026-04-16 02:04:09.129863+00,
عبدالله الجهني,abdallh.aljhny.w121@gmail.com,,parent,t,active,cfe73b06-0945-4d9a-acbb-9bc960d43a89,مدرسة الفارابي للتعليم الأساسي,2026-04-16 02:04:09.006899+00,
عبدالله الحربي,abdallh.alhrby.w26@gmail.com,,parent,t,active,e99d639a-2d11-4d93-bc3f-f15cfb5e45e0,أكاديمية ابن سينا الدولية,2026-04-16 02:04:09.892614+00,
عبدالله الدوسري,abdallh.aldwsry.w68@gmail.com,,parent,t,active,e99d639a-2d11-4d93-bc3f-f15cfb5e45e0,أكاديمية ابن سينا الدولية,2026-04-16 02:04:10.125535+00,
عبدالله الدوسري,abdallh.aldwsry.w79@gmail.com,,parent,t,active,cfe73b06-0945-4d9a-acbb-9bc960d43a89,مدرسة الفارابي للتعليم الأساسي,2026-04-16 02:04:08.776847+00,
عبدالله الرشيدي,abdallh.alrshydy.w123@gmail.com,,parent,t,active,cfe73b06-0945-4d9a-acbb-9bc960d43a89,مدرسة الفارابي للتعليم الأساسي,2026-04-16 02:04:09.017651+00,
عبدالله الرويلي,abdallh.alrwyly.w85@gmail.com,,parent,t,active,cfe73b06-0945-4d9a-acbb-9bc960d43a89,مدرسة الفارابي للتعليم الأساسي,2026-04-16 02:04:08.810148+00,
عبدالله الرويلي,abdallh.alrwyly.w238@gmail.com,,parent,t,active,cfe73b06-0945-4d9a-acbb-9bc960d43a89,مدرسة الفارابي للتعليم الأساسي,2026-04-16 02:04:09.66018+00,
عبدالله الرويلي,abdallh.alrwyly.w207@gmail.com,,parent,t,active,cfe73b06-0945-4d9a-acbb-9bc960d43a89,مدرسة الفارابي للتعليم الأساسي,2026-04-16 02:04:09.487788+00,
عبدالله الزهراني,abdallh.alzhrany.w150@gmail.com,,parent,t,active,cfe73b06-0945-4d9a-acbb-9bc960d43a89,مدرسة الفارابي للتعليم الأساسي,2026-04-16 02:04:09.167988+00,
عبدالله السبيعي,abdallh.alsbyay.w180@gmail.com,,parent,t,active,e99d639a-2d11-4d93-bc3f-f15cfb5e45e0,أكاديمية ابن سينا الدولية,2026-04-16 02:04:10.814555+00,
عبدالله السبيعي,abdallh.alsbyay.w61@gmail.com,,parent,t,active,e99d639a-2d11-4d93-bc3f-f15cfb5e45e0,أكاديمية ابن سينا الدولية,2026-04-16 02:04:10.086601+00,
عبدالله الصاعدي,abdallh.alsaady.w102@gmail.com,,parent,t,active,cfe73b06-0945-4d9a-acbb-9bc960d43a89,مدرسة الفارابي للتعليم الأساسي,2026-04-16 02:04:08.902513+00,
عبدالله العتيبي,abdallh.alatyby.w62@gmail.com,,parent,t,active,e99d639a-2d11-4d93-bc3f-f15cfb5e45e0,أكاديمية ابن سينا الدولية,2026-04-16 02:04:10.092035+00,
عبدالله العجمي,abdallh.alajmy.w116@gmail.com,,parent,t,active,cfe73b06-0945-4d9a-acbb-9bc960d43a89,مدرسة الفارابي للتعليم الأساسي,2026-04-16 02:04:08.980198+00,
عبدالله العجمي,abdallh.alajmy.w184@gmail.com,,parent,t,active,e99d639a-2d11-4d93-bc3f-f15cfb5e45e0,أكاديمية ابن سينا الدولية,2026-04-16 02:04:10.837333+00,
عبدالله العجمي,abdallh.alajmy.w175@gmail.com,,parent,t,active,e99d639a-2d11-4d93-bc3f-f15cfb5e45e0,أكاديمية ابن سينا الدولية,2026-04-16 02:04:10.786346+00,
عبدالله العنزي,abdallh.alanzy.w253@gmail.com,,parent,t,active,cfe73b06-0945-4d9a-acbb-9bc960d43a89,مدرسة الفارابي للتعليم الأساسي,2026-04-16 02:04:09.74453+00,
عبدالله الغامدي,abdallh.alghamdy.w149@gmail.com,,parent,t,active,cfe73b06-0945-4d9a-acbb-9bc960d43a89,مدرسة الفارابي للتعليم الأساسي,2026-04-16 02:04:09.163019+00,
عبدالله القحطاني,abdallh.alqhtany.w242@gmail.com,,parent,t,active,e99d639a-2d11-4d93-bc3f-f15cfb5e45e0,أكاديمية ابن سينا الدولية,2026-04-16 02:04:11.205055+00,
عبدالله القحطاني,abdallh.alqhtany.w162@gmail.com,,parent,t,active,cfe73b06-0945-4d9a-acbb-9bc960d43a89,مدرسة الفارابي للتعليم الأساسي,2026-04-16 02:04:09.235354+00,
عبدالله المطيري,abdallh.almtyry.w64@gmail.com,,parent,t,active,cfe73b06-0945-4d9a-acbb-9bc960d43a89,مدرسة الفارابي للتعليم الأساسي,2026-04-16 02:04:08.694215+00,
عبدالله الوادعي,abdallh.alwaday.w136@gmail.com,,parent,t,active,cfe73b06-0945-4d9a-acbb-9bc960d43a89,مدرسة الفارابي للتعليم الأساسي,2026-04-16 02:04:09.091028+00,
علي الأحمدي,aly.alahmdy.w232@gmail.com,,parent,t,active,cfe73b06-0945-4d9a-acbb-9bc960d43a89,مدرسة الفارابي للتعليم الأساسي,2026-04-16 02:04:09.626778+00,
علي البقمي,aly.albqmy.w96@gmail.com,,parent,t,active,e99d639a-2d11-4d93-bc3f-f15cfb5e45e0,أكاديمية ابن سينا الدولية,2026-04-16 02:04:10.298474+00,
علي البقمي,aly.albqmy.w60@gmail.com,,parent,t,active,cfe73b06-0945-4d9a-acbb-9bc960d43a89,مدرسة الفارابي للتعليم الأساسي,2026-04-16 02:04:08.672011+00,
علي التميمي,aly.altmymy.w119@gmail.com,,parent,t,active,cfe73b06-0945-4d9a-acbb-9bc960d43a89,مدرسة الفارابي للتعليم الأساسي,2026-04-16 02:04:08.99559+00,
علي التميمي,aly.altmymy.w39@gmail.com,,parent,t,active,e99d639a-2d11-4d93-bc3f-f15cfb5e45e0,أكاديمية ابن سينا الدولية,2026-04-16 02:04:09.964718+00,
علي الجهني,aly.aljhny.w124@gmail.com,,parent,t,active,cfe73b06-0945-4d9a-acbb-9bc960d43a89,مدرسة الفارابي للتعليم الأساسي,2026-04-16 02:04:09.023+00,
علي الجهني,aly.aljhny.w76@gmail.com,,parent,t,active,e99d639a-2d11-4d93-bc3f-f15cfb5e45e0,أكاديمية ابن سينا الدولية,2026-04-16 02:04:10.174047+00,
علي الدوسري,aly.aldwsry.w210@gmail.com,,parent,t,active,e99d639a-2d11-4d93-bc3f-f15cfb5e45e0,أكاديمية ابن سينا الدولية,2026-04-16 02:04:10.987379+00,
علي الرشيدي,aly.alrshydy.w239@gmail.com,,parent,t,active,e99d639a-2d11-4d93-bc3f-f15cfb5e45e0,أكاديمية ابن سينا الدولية,2026-04-16 02:04:11.187883+00,
علي الرشيدي,aly.alrshydy.w108@gmail.com,,parent,t,active,e99d639a-2d11-4d93-bc3f-f15cfb5e45e0,أكاديمية ابن سينا الدولية,2026-04-16 02:04:10.373287+00,
علي الرشيدي,aly.alrshydy.w78@gmail.com,,parent,t,active,e99d639a-2d11-4d93-bc3f-f15cfb5e45e0,أكاديمية ابن سينا الدولية,2026-04-16 02:04:10.185215+00,
علي الرويلي,aly.alrwyly.w248@gmail.com,,parent,t,active,e99d639a-2d11-4d93-bc3f-f15cfb5e45e0,أكاديمية ابن سينا الدولية,2026-04-16 02:04:11.241905+00,
علي الرويلي,aly.alrwyly.w235@gmail.com,,parent,t,active,cfe73b06-0945-4d9a-acbb-9bc960d43a89,مدرسة الفارابي للتعليم الأساسي,2026-04-16 02:04:09.643669+00,
علي الشمري,aly.alshmry.w247@gmail.com,,parent,t,active,cfe73b06-0945-4d9a-acbb-9bc960d43a89,مدرسة الفارابي للتعليم الأساسي,2026-04-16 02:04:09.70954+00,
علي العتيبي,aly.alatyby.w252@gmail.com,,parent,t,active,cfe73b06-0945-4d9a-acbb-9bc960d43a89,مدرسة الفارابي للتعليم الأساسي,2026-04-16 02:04:09.739182+00,
علي العجمي,aly.alajmy.w70@gmail.com,,parent,t,active,cfe73b06-0945-4d9a-acbb-9bc960d43a89,مدرسة الفارابي للتعليم الأساسي,2026-04-16 02:04:08.728027+00,
علي العجمي,aly.alajmy.w13@gmail.com,,parent,t,active,cfe73b06-0945-4d9a-acbb-9bc960d43a89,مدرسة الفارابي للتعليم الأساسي,2026-04-16 02:04:08.413304+00,
علي المالكي,aly.almalky.w179@gmail.com,,parent,t,active,e99d639a-2d11-4d93-bc3f-f15cfb5e45e0,أكاديمية ابن سينا الدولية,2026-04-16 02:04:10.808661+00,
عمر الأحمدي,amr.alahmdy.w122@gmail.com,,parent,t,active,e99d639a-2d11-4d93-bc3f-f15cfb5e45e0,أكاديمية ابن سينا الدولية,2026-04-16 02:04:10.481545+00,
عمر التميمي,amr.altmymy.w67@gmail.com,,parent,t,active,cfe73b06-0945-4d9a-acbb-9bc960d43a89,مدرسة الفارابي للتعليم الأساسي,2026-04-16 02:04:08.711227+00,
عمر الجهني,amr.aljhny.w182@gmail.com,,parent,t,active,e99d639a-2d11-4d93-bc3f-f15cfb5e45e0,أكاديمية ابن سينا الدولية,2026-04-16 02:04:10.825716+00,
عمر الحربي,amr.alhrby.w22@gmail.com,,parent,t,active,e99d639a-2d11-4d93-bc3f-f15cfb5e45e0,أكاديمية ابن سينا الدولية,2026-04-16 02:04:09.870293+00,
عمر الحربي,amr.alhrby.w149@gmail.com,,parent,t,active,e99d639a-2d11-4d93-bc3f-f15cfb5e45e0,أكاديمية ابن سينا الدولية,2026-04-16 02:04:10.637885+00,
عمر الدوسري,amr.aldwsry.w53@gmail.com,,parent,t,active,cfe73b06-0945-4d9a-acbb-9bc960d43a89,مدرسة الفارابي للتعليم الأساسي,2026-04-16 02:04:08.634729+00,
عمر الدوسري,amr.aldwsry.w58@gmail.com,,parent,t,active,cfe73b06-0945-4d9a-acbb-9bc960d43a89,مدرسة الفارابي للتعليم الأساسي,2026-04-16 02:04:08.661469+00,
عمر الدوسري,amr.aldwsry.w46@gmail.com,,parent,t,active,cfe73b06-0945-4d9a-acbb-9bc960d43a89,مدرسة الفارابي للتعليم الأساسي,2026-04-16 02:04:08.596969+00,
عمر الرشيدي,amr.alrshydy.w239@gmail.com,,parent,t,active,cfe73b06-0945-4d9a-acbb-9bc960d43a89,مدرسة الفارابي للتعليم الأساسي,2026-04-16 02:04:09.665339+00,
عمر الرشيدي,amr.alrshydy.w205@gmail.com,,parent,t,active,e99d639a-2d11-4d93-bc3f-f15cfb5e45e0,أكاديمية ابن سينا الدولية,2026-04-16 02:04:10.957494+00,
عمر الزهراني,amr.alzhrany.w247@gmail.com,,parent,t,active,e99d639a-2d11-4d93-bc3f-f15cfb5e45e0,أكاديمية ابن سينا الدولية,2026-04-16 02:04:11.235691+00,
عمر الزهراني,amr.alzhrany.w94@gmail.com,,parent,t,active,e99d639a-2d11-4d93-bc3f-f15cfb5e45e0,أكاديمية ابن سينا الدولية,2026-04-16 02:04:10.286956+00,
عمر الزهراني,amr.alzhrany.w169@gmail.com,,parent,t,active,e99d639a-2d11-4d93-bc3f-f15cfb5e45e0,أكاديمية ابن سينا الدولية,2026-04-16 02:04:10.751624+00,
عمر الشمري,amr.alshmry.w41@gmail.com,,parent,t,active,e99d639a-2d11-4d93-bc3f-f15cfb5e45e0,أكاديمية ابن سينا الدولية,2026-04-16 02:04:09.975173+00,
عمر الشمري,amr.alshmry.w87@gmail.com,,parent,t,active,e99d639a-2d11-4d93-bc3f-f15cfb5e45e0,أكاديمية ابن سينا الدولية,2026-04-16 02:04:10.244283+00,
عمر الشمري,amr.alshmry.w25@gmail.com,,parent,t,active,e99d639a-2d11-4d93-bc3f-f15cfb5e45e0,أكاديمية ابن سينا الدولية,2026-04-16 02:04:09.887031+00,
عمر الصاعدي,amr.alsaady.w51@gmail.com,,parent,t,active,cfe73b06-0945-4d9a-acbb-9bc960d43a89,مدرسة الفارابي للتعليم الأساسي,2026-04-16 02:04:08.623753+00,
عمر العتيبي,amr.alatyby.w201@gmail.com,,parent,t,active,e99d639a-2d11-4d93-bc3f-f15cfb5e45e0,أكاديمية ابن سينا الدولية,2026-04-16 02:04:10.934158+00,
عمر العجمي,amr.alajmy.w66@gmail.com,,parent,t,active,e99d639a-2d11-4d93-bc3f-f15cfb5e45e0,أكاديمية ابن سينا الدولية,2026-04-16 02:04:10.114159+00,
عمر المالكي,amr.almalky.w80@gmail.com,,parent,t,active,cfe73b06-0945-4d9a-acbb-9bc960d43a89,مدرسة الفارابي للتعليم الأساسي,2026-04-16 02:04:08.782384+00,
عمر المالكي,amr.almalky.w229@gmail.com,,parent,t,active,e99d639a-2d11-4d93-bc3f-f15cfb5e45e0,أكاديمية ابن سينا الدولية,2026-04-16 02:04:11.130464+00,
عمر الوادعي,amr.alwaday.w111@gmail.com,,parent,t,active,e99d639a-2d11-4d93-bc3f-f15cfb5e45e0,أكاديمية ابن سينا الدولية,2026-04-16 02:04:10.400413+00,
فهد البقمي,fhd.albqmy.w106@gmail.com,,parent,t,active,e99d639a-2d11-4d93-bc3f-f15cfb5e45e0,أكاديمية ابن سينا الدولية,2026-04-16 02:04:10.356602+00,
فهد التميمي,fhd.altmymy.w8@gmail.com,,parent,t,active,cfe73b06-0945-4d9a-acbb-9bc960d43a89,مدرسة الفارابي للتعليم الأساسي,2026-04-16 02:04:08.385346+00,
فهد التميمي,fhd.altmymy.w187@gmail.com,,parent,t,active,cfe73b06-0945-4d9a-acbb-9bc960d43a89,مدرسة الفارابي للتعليم الأساسي,2026-04-16 02:04:09.373308+00,
فهد الدوسري,fhd.aldwsry.w251@gmail.com,,parent,t,active,cfe73b06-0945-4d9a-acbb-9bc960d43a89,مدرسة الفارابي للتعليم الأساسي,2026-04-16 02:04:09.732715+00,
فهد الدوسري,fhd.aldwsry.w208@gmail.com,,parent,t,active,cfe73b06-0945-4d9a-acbb-9bc960d43a89,مدرسة الفارابي للتعليم الأساسي,2026-04-16 02:04:09.493657+00,
فهد الدوسري,fhd.aldwsry.w116@gmail.com,,parent,t,active,e99d639a-2d11-4d93-bc3f-f15cfb5e45e0,أكاديمية ابن سينا الدولية,2026-04-16 02:04:10.443093+00,
فهد الدوسري,fhd.aldwsry.w55@gmail.com,,parent,t,active,cfe73b06-0945-4d9a-acbb-9bc960d43a89,مدرسة الفارابي للتعليم الأساسي,2026-04-16 02:04:08.645591+00,
فهد الرويلي,fhd.alrwyly.w45@gmail.com,,parent,t,active,e99d639a-2d11-4d93-bc3f-f15cfb5e45e0,أكاديمية ابن سينا الدولية,2026-04-16 02:04:09.996846+00,
فهد الزهراني,fhd.alzhrany.w237@gmail.com,,parent,t,active,e99d639a-2d11-4d93-bc3f-f15cfb5e45e0,أكاديمية ابن سينا الدولية,2026-04-16 02:04:11.176517+00,
فهد السبيعي,fhd.alsbyay.w228@gmail.com,,parent,t,active,e99d639a-2d11-4d93-bc3f-f15cfb5e45e0,أكاديمية ابن سينا الدولية,2026-04-16 02:04:11.125012+00,
فهد العتيبي,fhd.alatyby.w125@gmail.com,,parent,t,active,e99d639a-2d11-4d93-bc3f-f15cfb5e45e0,أكاديمية ابن سينا الدولية,2026-04-16 02:04:10.501268+00,
فهد العتيبي,fhd.alatyby.w137@gmail.com,,parent,t,active,cfe73b06-0945-4d9a-acbb-9bc960d43a89,مدرسة الفارابي للتعليم الأساسي,2026-04-16 02:04:09.097267+00,
فهد العتيبي,fhd.alatyby.w213@gmail.com,,parent,t,active,e99d639a-2d11-4d93-bc3f-f15cfb5e45e0,أكاديمية ابن سينا الدولية,2026-04-16 02:04:11.004922+00,
فهد العجمي,fhd.alajmy.w221@gmail.com,,parent,t,active,cfe73b06-0945-4d9a-acbb-9bc960d43a89,مدرسة الفارابي للتعليم الأساسي,2026-04-16 02:04:09.565619+00,
فهد العنزي,fhd.alanzy.w82@gmail.com,,parent,t,active,cfe73b06-0945-4d9a-acbb-9bc960d43a89,مدرسة الفارابي للتعليم الأساسي,2026-04-16 02:04:08.793469+00,
فهد العنزي,fhd.alanzy.w173@gmail.com,,parent,t,active,e99d639a-2d11-4d93-bc3f-f15cfb5e45e0,أكاديمية ابن سينا الدولية,2026-04-16 02:04:10.775266+00,
فهد العنزي,fhd.alanzy.w32@gmail.com,,parent,t,active,e99d639a-2d11-4d93-bc3f-f15cfb5e45e0,أكاديمية ابن سينا الدولية,2026-04-16 02:04:09.925069+00,
فهد العنزي,fhd.alanzy.w246@gmail.com,,parent,t,active,e99d639a-2d11-4d93-bc3f-f15cfb5e45e0,أكاديمية ابن سينا الدولية,2026-04-16 02:04:11.229957+00,
فهد الغامدي,fhd.alghamdy.w83@gmail.com,,parent,t,active,e99d639a-2d11-4d93-bc3f-f15cfb5e45e0,أكاديمية ابن سينا الدولية,2026-04-16 02:04:10.219644+00,
فهد الغامدي,fhd.alghamdy.w245@gmail.com,,parent,t,active,cfe73b06-0945-4d9a-acbb-9bc960d43a89,مدرسة الفارابي للتعليم الأساسي,2026-04-16 02:04:09.698677+00,
فهد القحطاني,fhd.alqhtany.w77@gmail.com,,parent,t,active,cfe73b06-0945-4d9a-acbb-9bc960d43a89,مدرسة الفارابي للتعليم الأساسي,2026-04-16 02:04:08.765526+00,
فهد القحطاني,fhd.alqhtany.w156@gmail.com,,parent,t,active,e99d639a-2d11-4d93-bc3f-f15cfb5e45e0,أكاديمية ابن سينا الدولية,2026-04-16 02:04:10.676499+00,
فهد المالكي,fhd.almalky.w20@gmail.com,,parent,t,active,e99d639a-2d11-4d93-bc3f-f15cfb5e45e0,أكاديمية ابن سينا الدولية,2026-04-16 02:04:09.857272+00,
فهد المالكي,fhd.almalky.w6@gmail.com,,parent,t,active,cfe73b06-0945-4d9a-acbb-9bc960d43a89,مدرسة الفارابي للتعليم الأساسي,2026-04-16 02:04:08.373332+00,
فهد المالكي,fhd.almalky.w95@gmail.com,,parent,t,active,cfe73b06-0945-4d9a-acbb-9bc960d43a89,مدرسة الفارابي للتعليم الأساسي,2026-04-16 02:04:08.865568+00,
فهد المطيري,fhd.almtyry.w125@gmail.com,,parent,t,active,cfe73b06-0945-4d9a-acbb-9bc960d43a89,مدرسة الفارابي للتعليم الأساسي,2026-04-16 02:04:09.028507+00,
فهد المطيري,fhd.almtyry.w93@gmail.com,,parent,t,active,cfe73b06-0945-4d9a-acbb-9bc960d43a89,مدرسة الفارابي للتعليم الأساسي,2026-04-16 02:04:08.854724+00,
فهد الوادعي,fhd.alwaday.w67@gmail.com,,parent,t,active,e99d639a-2d11-4d93-bc3f-f15cfb5e45e0,أكاديمية ابن سينا الدولية,2026-04-16 02:04:10.119623+00,
فهد الوادعي,fhd.alwaday.w251@gmail.com,,parent,t,active,e99d639a-2d11-4d93-bc3f-f15cfb5e45e0,أكاديمية ابن سينا الدولية,2026-04-16 02:04:11.260423+00,
ماجد الأحمدي,majd.alahmdy.w183@gmail.com,,parent,t,active,cfe73b06-0945-4d9a-acbb-9bc960d43a89,مدرسة الفارابي للتعليم الأساسي,2026-04-16 02:04:09.352366+00,
ماجد البقمي,majd.albqmy.w141@gmail.com,,parent,t,active,cfe73b06-0945-4d9a-acbb-9bc960d43a89,مدرسة الفارابي للتعليم الأساسي,2026-04-16 02:04:09.118844+00,
ماجد البقمي,majd.albqmy.w226@gmail.com,,parent,t,active,e99d639a-2d11-4d93-bc3f-f15cfb5e45e0,أكاديمية ابن سينا الدولية,2026-04-16 02:04:11.112459+00,
ماجد البقمي,majd.albqmy.w118@gmail.com,,parent,t,active,cfe73b06-0945-4d9a-acbb-9bc960d43a89,مدرسة الفارابي للتعليم الأساسي,2026-04-16 02:04:08.990469+00,
ماجد التميمي,majd.altmymy.w115@gmail.com,,parent,t,active,cfe73b06-0945-4d9a-acbb-9bc960d43a89,مدرسة الفارابي للتعليم الأساسي,2026-04-16 02:04:08.975033+00,
ماجد التميمي,majd.altmymy.w177@gmail.com,,parent,t,active,e99d639a-2d11-4d93-bc3f-f15cfb5e45e0,أكاديمية ابن سينا الدولية,2026-04-16 02:04:10.797468+00,
ماجد التميمي,majd.altmymy.w107@gmail.com,,parent,t,active,e99d639a-2d11-4d93-bc3f-f15cfb5e45e0,أكاديمية ابن سينا الدولية,2026-04-16 02:04:10.365024+00,
ماجد الجهني,majd.aljhny.w58@gmail.com,,parent,t,active,e99d639a-2d11-4d93-bc3f-f15cfb5e45e0,أكاديمية ابن سينا الدولية,2026-04-16 02:04:10.070379+00,
ماجد الجهني,majd.aljhny.w220@gmail.com,,parent,t,active,cfe73b06-0945-4d9a-acbb-9bc960d43a89,مدرسة الفارابي للتعليم الأساسي,2026-04-16 02:04:09.559869+00,
ماجد الدوسري,majd.aldwsry.w101@gmail.com,,parent,t,active,e99d639a-2d11-4d93-bc3f-f15cfb5e45e0,أكاديمية ابن سينا الدولية,2026-04-16 02:04:10.327834+00,
ماجد الرشيدي,majd.alrshydy.w20@gmail.com,,parent,t,active,cfe73b06-0945-4d9a-acbb-9bc960d43a89,مدرسة الفارابي للتعليم الأساسي,2026-04-16 02:04:08.452661+00,
ماجد الرويلي,majd.alrwyly.w19@gmail.com,,parent,t,active,e99d639a-2d11-4d93-bc3f-f15cfb5e45e0,أكاديمية ابن سينا الدولية,2026-04-16 02:04:09.851338+00,
ماجد الرويلي,majd.alrwyly.w89@gmail.com,,parent,t,active,e99d639a-2d11-4d93-bc3f-f15cfb5e45e0,أكاديمية ابن سينا الدولية,2026-04-16 02:04:10.257224+00,
ماجد الشمري,majd.alshmry.w21@gmail.com,,parent,t,active,e99d639a-2d11-4d93-bc3f-f15cfb5e45e0,أكاديمية ابن سينا الدولية,2026-04-16 02:04:09.864205+00,
ماجد الصاعدي,majd.alsaady.w177@gmail.com,,parent,t,active,cfe73b06-0945-4d9a-acbb-9bc960d43a89,مدرسة الفارابي للتعليم الأساسي,2026-04-16 02:04:09.319064+00,
ماجد العتيبي,majd.alatyby.w55@gmail.com,,parent,t,active,e99d639a-2d11-4d93-bc3f-f15cfb5e45e0,أكاديمية ابن سينا الدولية,2026-04-16 02:04:10.052364+00,
ماجد العتيبي,majd.alatyby.w194@gmail.com,,parent,t,active,cfe73b06-0945-4d9a-acbb-9bc960d43a89,مدرسة الفارابي للتعليم الأساسي,2026-04-16 02:04:09.41371+00,
ماجد العجمي,majd.alajmy.w187@gmail.com,,parent,t,active,e99d639a-2d11-4d93-bc3f-f15cfb5e45e0,أكاديمية ابن سينا الدولية,2026-04-16 02:04:10.854952+00,
ماجد القحطاني,majd.alqhtany.w232@gmail.com,,parent,t,active,e99d639a-2d11-4d93-bc3f-f15cfb5e45e0,أكاديمية ابن سينا الدولية,2026-04-16 02:04:11.147859+00,
ماجد القحطاني,majd.alqhtany.w146@gmail.com,,parent,t,active,e99d639a-2d11-4d93-bc3f-f15cfb5e45e0,أكاديمية ابن سينا الدولية,2026-04-16 02:04:10.620953+00,
ماجد المالكي,majd.almalky.w75@gmail.com,,parent,t,active,cfe73b06-0945-4d9a-acbb-9bc960d43a89,مدرسة الفارابي للتعليم الأساسي,2026-04-16 02:04:08.754344+00,
ماجد المطيري,majd.almtyry.w18@gmail.com,,parent,t,active,cfe73b06-0945-4d9a-acbb-9bc960d43a89,مدرسة الفارابي للتعليم الأساسي,2026-04-16 02:04:08.440754+00,
ماجد المطيري,majd.almtyry.w186@gmail.com,,parent,t,active,e99d639a-2d11-4d93-bc3f-f15cfb5e45e0,أكاديمية ابن سينا الدولية,2026-04-16 02:04:10.849208+00,
محمد الأحمدي,mhmd.alahmdy.w173@gmail.com,,parent,t,active,cfe73b06-0945-4d9a-acbb-9bc960d43a89,مدرسة الفارابي للتعليم الأساسي,2026-04-16 02:04:09.297857+00,
محمد الأحمدي,mhmd.alahmdy.w74@gmail.com,,parent,t,active,cfe73b06-0945-4d9a-acbb-9bc960d43a89,مدرسة الفارابي للتعليم الأساسي,2026-04-16 02:04:08.74949+00,
محمد الأحمدي,mhmd.alahmdy.w158@gmail.com,,parent,t,active,cfe73b06-0945-4d9a-acbb-9bc960d43a89,مدرسة الفارابي للتعليم الأساسي,2026-04-16 02:04:09.211677+00,
محمد البقمي,mhmd.albqmy.w26@gmail.com,,parent,t,active,cfe73b06-0945-4d9a-acbb-9bc960d43a89,مدرسة الفارابي للتعليم الأساسي,2026-04-16 02:04:08.485623+00,
محمد التميمي,mhmd.altmymy.w50@gmail.com,,parent,t,active,e99d639a-2d11-4d93-bc3f-f15cfb5e45e0,أكاديمية ابن سينا الدولية,2026-04-16 02:04:10.024449+00,
محمد الجهني,mhmd.aljhny.w229@gmail.com,,parent,t,active,cfe73b06-0945-4d9a-acbb-9bc960d43a89,مدرسة الفارابي للتعليم الأساسي,2026-04-16 02:04:09.609715+00,
محمد الحربي,mhmd.alhrby.w34@gmail.com,,parent,t,active,e99d639a-2d11-4d93-bc3f-f15cfb5e45e0,أكاديمية ابن سينا الدولية,2026-04-16 02:04:09.936624+00,
محمد الرشيدي,mhmd.alrshydy.w170@gmail.com,,parent,t,active,cfe73b06-0945-4d9a-acbb-9bc960d43a89,مدرسة الفارابي للتعليم الأساسي,2026-04-16 02:04:09.280728+00,
محمد الرويلي,mhmd.alrwyly.w244@gmail.com,,parent,t,active,cfe73b06-0945-4d9a-acbb-9bc960d43a89,مدرسة الفارابي للتعليم الأساسي,2026-04-16 02:04:09.693162+00,
محمد الزهراني,mhmd.alzhrany.w103@gmail.com,,parent,t,active,cfe73b06-0945-4d9a-acbb-9bc960d43a89,مدرسة الفارابي للتعليم الأساسي,2026-04-16 02:04:08.908056+00,
محمد السبيعي,mhmd.alsbyay.w8@gmail.com,,parent,t,active,e99d639a-2d11-4d93-bc3f-f15cfb5e45e0,أكاديمية ابن سينا الدولية,2026-04-16 02:04:09.788534+00,
محمد السبيعي,mhmd.alsbyay.w166@gmail.com,,parent,t,active,cfe73b06-0945-4d9a-acbb-9bc960d43a89,مدرسة الفارابي للتعليم الأساسي,2026-04-16 02:04:09.257603+00,
محمد السبيعي,mhmd.alsbyay.w221@gmail.com,,parent,t,active,e99d639a-2d11-4d93-bc3f-f15cfb5e45e0,أكاديمية ابن سينا الدولية,2026-04-16 02:04:11.064464+00,
محمد الشمري,mhmd.alshmry.w61@gmail.com,,parent,t,active,cfe73b06-0945-4d9a-acbb-9bc960d43a89,مدرسة الفارابي للتعليم الأساسي,2026-04-16 02:04:08.677639+00,
محمد الصاعدي,mhmd.alsaady.w105@gmail.com,,parent,t,active,cfe73b06-0945-4d9a-acbb-9bc960d43a89,مدرسة الفارابي للتعليم الأساسي,2026-04-16 02:04:08.919253+00,
محمد الصاعدي,mhmd.alsaady.w52@gmail.com,,parent,t,active,cfe73b06-0945-4d9a-acbb-9bc960d43a89,مدرسة الفارابي للتعليم الأساسي,2026-04-16 02:04:08.629285+00,
محمد العنزي,mhmd.alanzy.w194@gmail.com,,parent,t,active,e99d639a-2d11-4d93-bc3f-f15cfb5e45e0,أكاديمية ابن سينا الدولية,2026-04-16 02:04:10.894551+00,
محمد الغامدي,mhmd.alghamdy.w33@gmail.com,,parent,t,active,e99d639a-2d11-4d93-bc3f-f15cfb5e45e0,أكاديمية ابن سينا الدولية,2026-04-16 02:04:09.930907+00,
محمد الغامدي,mhmd.alghamdy.w98@gmail.com,,parent,t,active,e99d639a-2d11-4d93-bc3f-f15cfb5e45e0,أكاديمية ابن سينا الدولية,2026-04-16 02:04:10.310528+00,
محمد الغامدي,mhmd.alghamdy.w214@gmail.com,,parent,t,active,cfe73b06-0945-4d9a-acbb-9bc960d43a89,مدرسة الفارابي للتعليم الأساسي,2026-04-16 02:04:09.525501+00,
محمد الغامدي,mhmd.alghamdy.w197@gmail.com,,parent,t,active,e99d639a-2d11-4d93-bc3f-f15cfb5e45e0,أكاديمية ابن سينا الدولية,2026-04-16 02:04:10.911316+00,
محمد القحطاني,mhmd.alqhtany.w21@gmail.com,,parent,t,active,cfe73b06-0945-4d9a-acbb-9bc960d43a89,مدرسة الفارابي للتعليم الأساسي,2026-04-16 02:04:08.458054+00,
محمد القحطاني,mhmd.alqhtany.w253@gmail.com,,parent,t,active,e99d639a-2d11-4d93-bc3f-f15cfb5e45e0,أكاديمية ابن سينا الدولية,2026-04-16 02:04:11.272237+00,
محمد المالكي,mhmd.almalky.w109@gmail.com,,parent,t,active,cfe73b06-0945-4d9a-acbb-9bc960d43a89,مدرسة الفارابي للتعليم الأساسي,2026-04-16 02:04:08.942077+00,
محمد المالكي,mhmd.almalky.w11@gmail.com,,parent,t,active,e99d639a-2d11-4d93-bc3f-f15cfb5e45e0,أكاديمية ابن سينا الدولية,2026-04-16 02:04:09.805684+00,
محمد المطيري,mhmd.almtyry.w206@gmail.com,,parent,t,active,e99d639a-2d11-4d93-bc3f-f15cfb5e45e0,أكاديمية ابن سينا الدولية,2026-04-16 02:04:10.963263+00,
محمد المطيري,mhmd.almtyry.w146@gmail.com,,parent,t,active,cfe73b06-0945-4d9a-acbb-9bc960d43a89,مدرسة الفارابي للتعليم الأساسي,2026-04-16 02:04:09.146367+00,
محمد المطيري,mhmd.almtyry.w136@gmail.com,,parent,t,active,e99d639a-2d11-4d93-bc3f-f15cfb5e45e0,أكاديمية ابن سينا الدولية,2026-04-16 02:04:10.563799+00,
محمد الوادعي,mhmd.alwaday.w63@gmail.com,,parent,t,active,cfe73b06-0945-4d9a-acbb-9bc960d43a89,مدرسة الفارابي للتعليم الأساسي,2026-04-16 02:04:08.689066+00,
محمد الوادعي,mhmd.alwaday.w112@gmail.com,,parent,t,active,e99d639a-2d11-4d93-bc3f-f15cfb5e45e0,أكاديمية ابن سينا الدولية,2026-04-16 02:04:10.408114+00,
محمد الوادعي,mhmd.alwaday.w223@gmail.com,,parent,t,active,e99d639a-2d11-4d93-bc3f-f15cfb5e45e0,أكاديمية ابن سينا الدولية,2026-04-16 02:04:11.08274+00,
ناصر الأحمدي,nasr.alahmdy.w117@gmail.com,,parent,t,active,e99d639a-2d11-4d93-bc3f-f15cfb5e45e0,أكاديمية ابن سينا الدولية,2026-04-16 02:04:10.450499+00,
ناصر الأحمدي,nasr.alahmdy.w212@gmail.com,,parent,t,active,cfe73b06-0945-4d9a-acbb-9bc960d43a89,مدرسة الفارابي للتعليم الأساسي,2026-04-16 02:04:09.515084+00,
ناصر البقمي,nasr.albqmy.w77@gmail.com,,parent,t,active,e99d639a-2d11-4d93-bc3f-f15cfb5e45e0,أكاديمية ابن سينا الدولية,2026-04-16 02:04:10.179357+00,
ناصر الجهني,nasr.aljhny.w160@gmail.com,,parent,t,active,cfe73b06-0945-4d9a-acbb-9bc960d43a89,مدرسة الفارابي للتعليم الأساسي,2026-04-16 02:04:09.223913+00,
ناصر الدوسري,nasr.aldwsry.w164@gmail.com,,parent,t,active,cfe73b06-0945-4d9a-acbb-9bc960d43a89,مدرسة الفارابي للتعليم الأساسي,2026-04-16 02:04:09.246643+00,
ناصر الزهراني,nasr.alzhrany.w172@gmail.com,,parent,t,active,cfe73b06-0945-4d9a-acbb-9bc960d43a89,مدرسة الفارابي للتعليم الأساسي,2026-04-16 02:04:09.292041+00,
ناصر الزهراني,nasr.alzhrany.w156@gmail.com,,parent,t,active,cfe73b06-0945-4d9a-acbb-9bc960d43a89,مدرسة الفارابي للتعليم الأساسي,2026-04-16 02:04:09.2003+00,
ناصر الزهراني,nasr.alzhrany.w182@gmail.com,,parent,t,active,cfe73b06-0945-4d9a-acbb-9bc960d43a89,مدرسة الفارابي للتعليم الأساسي,2026-04-16 02:04:09.346638+00,
ناصر الزهراني,nasr.alzhrany.w203@gmail.com,,parent,t,active,e99d639a-2d11-4d93-bc3f-f15cfb5e45e0,أكاديمية ابن سينا الدولية,2026-04-16 02:04:10.945246+00,
ناصر السبيعي,nasr.alsbyay.w44@gmail.com,,parent,t,active,cfe73b06-0945-4d9a-acbb-9bc960d43a89,مدرسة الفارابي للتعليم الأساسي,2026-04-16 02:04:08.585959+00,
ناصر السبيعي,nasr.alsbyay.w84@gmail.com,,parent,t,active,cfe73b06-0945-4d9a-acbb-9bc960d43a89,مدرسة الفارابي للتعليم الأساسي,2026-04-16 02:04:08.804615+00,
ناصر الشمري,nasr.alshmry.w159@gmail.com,,parent,t,active,cfe73b06-0945-4d9a-acbb-9bc960d43a89,مدرسة الفارابي للتعليم الأساسي,2026-04-16 02:04:09.217221+00,
ناصر الصاعدي,nasr.alsaady.w47@gmail.com,,parent,t,active,cfe73b06-0945-4d9a-acbb-9bc960d43a89,مدرسة الفارابي للتعليم الأساسي,2026-04-16 02:04:08.602351+00,
ناصر العتيبي,nasr.alatyby.w167@gmail.com,,parent,t,active,e99d639a-2d11-4d93-bc3f-f15cfb5e45e0,أكاديمية ابن سينا الدولية,2026-04-16 02:04:10.740658+00,
ناصر العجمي,nasr.alajmy.w181@gmail.com,,parent,t,active,e99d639a-2d11-4d93-bc3f-f15cfb5e45e0,أكاديمية ابن سينا الدولية,2026-04-16 02:04:10.819889+00,
ناصر القحطاني,nasr.alqhtany.w95@gmail.com,,parent,t,active,e99d639a-2d11-4d93-bc3f-f15cfb5e45e0,أكاديمية ابن سينا الدولية,2026-04-16 02:04:10.292671+00,
ناصر المالكي,nasr.almalky.w222@gmail.com,,parent,t,active,cfe73b06-0945-4d9a-acbb-9bc960d43a89,مدرسة الفارابي للتعليم الأساسي,2026-04-16 02:04:09.571145+00,
ناصر المطيري,nasr.almtyry.w73@gmail.com,,parent,t,active,cfe73b06-0945-4d9a-acbb-9bc960d43a89,مدرسة الفارابي للتعليم الأساسي,2026-04-16 02:04:08.744265+00,
ناصر المطيري,nasr.almtyry.w178@gmail.com,,parent,t,active,e99d639a-2d11-4d93-bc3f-f15cfb5e45e0,أكاديمية ابن سينا الدولية,2026-04-16 02:04:10.803078+00,
ناصر المطيري,nasr.almtyry.w157@gmail.com,,parent,t,active,e99d639a-2d11-4d93-bc3f-f15cfb5e45e0,أكاديمية ابن سينا الدولية,2026-04-16 02:04:10.681875+00,
ناصر المطيري,nasr.almtyry.w37@gmail.com,,parent,t,active,e99d639a-2d11-4d93-bc3f-f15cfb5e45e0,أكاديمية ابن سينا الدولية,2026-04-16 02:04:09.953947+00,
ناصر الوادعي,nasr.alwaday.w143@gmail.com,,parent,t,active,e99d639a-2d11-4d93-bc3f-f15cfb5e45e0,أكاديمية ابن سينا الدولية,2026-04-16 02:04:10.604144+00,
ناصر الوادعي,nasr.alwaday.w88@gmail.com,,parent,t,active,cfe73b06-0945-4d9a-acbb-9bc960d43a89,مدرسة الفارابي للتعليم الأساسي,2026-04-16 02:04:08.825833+00,
هههههههه,parent_a0350f0f@farabi-001.edu.sa,,parent,t,active,cfe73b06-0945-4d9a-acbb-9bc960d43a89,مدرسة الفارابي للتعليم الأساسي,2026-04-18 19:00:02.543473+00,
ولي أمر تجريبي,parent@nassaqapp.com,,parent,t,active,bcf1d58d-0c82-4fc1-a8ad-1a41ae5a6ada,مدرسة النور الاهليه,2026-04-16 13:13:57.842476+00,2026-04-16 13:14:04.798017+00
وليد الأحمدي,wlyd.alahmdy.w51@gmail.com,,parent,t,active,e99d639a-2d11-4d93-bc3f-f15cfb5e45e0,أكاديمية ابن سينا الدولية,2026-04-16 02:04:10.029781+00,
وليد البقمي,wlyd.albqmy.w145@gmail.com,,parent,t,active,e99d639a-2d11-4d93-bc3f-f15cfb5e45e0,أكاديمية ابن سينا الدولية,2026-04-16 02:04:10.615126+00,
وليد الحربي,wlyd.alhrby.w129@gmail.com,,parent,t,active,e99d639a-2d11-4d93-bc3f-f15cfb5e45e0,أكاديمية ابن سينا الدولية,2026-04-16 02:04:10.524319+00,
وليد الحربي,wlyd.alhrby.w183@gmail.com,,parent,t,active,e99d639a-2d11-4d93-bc3f-f15cfb5e45e0,أكاديمية ابن سينا الدولية,2026-04-16 02:04:10.831524+00,
وليد الرشيدي,wlyd.alrshydy.w66@gmail.com,,parent,t,active,cfe73b06-0945-4d9a-acbb-9bc960d43a89,مدرسة الفارابي للتعليم الأساسي,2026-04-16 02:04:08.705162+00,
وليد الرشيدي,wlyd.alrshydy.w216@gmail.com,,parent,t,active,cfe73b06-0945-4d9a-acbb-9bc960d43a89,مدرسة الفارابي للتعليم الأساسي,2026-04-16 02:04:09.537484+00,
وليد الرشيدي,wlyd.alrshydy.w236@gmail.com,,parent,t,active,cfe73b06-0945-4d9a-acbb-9bc960d43a89,مدرسة الفارابي للتعليم الأساسي,2026-04-16 02:04:09.64923+00,
وليد الرشيدي,wlyd.alrshydy.w80@gmail.com,,parent,t,active,e99d639a-2d11-4d93-bc3f-f15cfb5e45e0,أكاديمية ابن سينا الدولية,2026-04-16 02:04:10.196923+00,
وليد الزهراني,wlyd.alzhrany.w104@gmail.com,,parent,t,active,e99d639a-2d11-4d93-bc3f-f15cfb5e45e0,أكاديمية ابن سينا الدولية,2026-04-16 02:04:10.345017+00,
وليد الشمري,wlyd.alshmry.w169@gmail.com,,parent,t,active,cfe73b06-0945-4d9a-acbb-9bc960d43a89,مدرسة الفارابي للتعليم الأساسي,2026-04-16 02:04:09.275068+00,
وليد العتيبي,wlyd.alatyby.w225@gmail.com,,parent,t,active,cfe73b06-0945-4d9a-acbb-9bc960d43a89,مدرسة الفارابي للتعليم الأساسي,2026-04-16 02:04:09.588001+00,
وليد العتيبي,wlyd.alatyby.w56@gmail.com,,parent,t,active,e99d639a-2d11-4d93-bc3f-f15cfb5e45e0,أكاديمية ابن سينا الدولية,2026-04-16 02:04:10.058763+00,
وليد العجمي,wlyd.alajmy.w40@gmail.com,,parent,t,active,e99d639a-2d11-4d93-bc3f-f15cfb5e45e0,أكاديمية ابن سينا الدولية,2026-04-16 02:04:09.969844+00,
وليد العجمي,wlyd.alajmy.w126@gmail.com,,parent,t,active,cfe73b06-0945-4d9a-acbb-9bc960d43a89,مدرسة الفارابي للتعليم الأساسي,2026-04-16 02:04:09.034664+00,
وليد العنزي,wlyd.alanzy.w27@gmail.com,,parent,t,active,e99d639a-2d11-4d93-bc3f-f15cfb5e45e0,أكاديمية ابن سينا الدولية,2026-04-16 02:04:09.898215+00,
وليد القحطاني,wlyd.alqhtany.w165@gmail.com,,parent,t,active,e99d639a-2d11-4d93-bc3f-f15cfb5e45e0,أكاديمية ابن سينا الدولية,2026-04-16 02:04:10.730477+00,
وليد القحطاني,wlyd.alqhtany.w30@gmail.com,,parent,t,active,cfe73b06-0945-4d9a-acbb-9bc960d43a89,مدرسة الفارابي للتعليم الأساسي,2026-04-16 02:04:08.508374+00,
وليد المالكي,wlyd.almalky.w17@gmail.com,,parent,t,active,e99d639a-2d11-4d93-bc3f-f15cfb5e45e0,أكاديمية ابن سينا الدولية,2026-04-16 02:04:09.840435+00,
وليد المطيري,wlyd.almtyry.w56@gmail.com,,parent,t,active,cfe73b06-0945-4d9a-acbb-9bc960d43a89,مدرسة الفارابي للتعليم الأساسي,2026-04-16 02:04:08.65104+00,
وليد الوادعي,wlyd.alwaday.w9@gmail.com,,parent,t,active,cfe73b06-0945-4d9a-acbb-9bc960d43a89,مدرسة الفارابي للتعليم الأساسي,2026-04-16 02:04:08.391348+00,
وليد بن خالد التميمي,walid.test@nassaq.sa,0551234567,parent,t,active,bcf1d58d-0c82-4fc1-a8ad-1a41ae5a6ada,مدرسة النور الاهليه,2026-04-11 21:59:04.431+00,2026-04-16 00:03:14.910224+00
يفافثافثاثفا,parent_88c4c027@farabi-001.edu.sa,,parent,t,active,cfe73b06-0945-4d9a-acbb-9bc960d43a89,مدرسة الفارابي للتعليم الأساسي,2026-04-18 18:51:29.600589+00,
يوسف الأحمدي,ywsf.alahmdy.w222@gmail.com,,parent,t,active,e99d639a-2d11-4d93-bc3f-f15cfb5e45e0,أكاديمية ابن سينا الدولية,2026-04-16 02:04:11.07203+00,
يوسف البقمي,ywsf.albqmy.w230@gmail.com,,parent,t,active,cfe73b06-0945-4d9a-acbb-9bc960d43a89,مدرسة الفارابي للتعليم الأساسي,2026-04-16 02:04:09.615485+00,
يوسف البقمي,ywsf.albqmy.w176@gmail.com,,parent,t,active,e99d639a-2d11-4d93-bc3f-f15cfb5e45e0,أكاديمية ابن سينا الدولية,2026-04-16 02:04:10.792075+00,
يوسف التميمي,ywsf.altmymy.w250@gmail.com,,parent,t,active,e99d639a-2d11-4d93-bc3f-f15cfb5e45e0,أكاديمية ابن سينا الدولية,2026-04-16 02:04:11.254468+00,
يوسف التميمي,ywsf.altmymy.w198@gmail.com,,parent,t,active,cfe73b06-0945-4d9a-acbb-9bc960d43a89,مدرسة الفارابي للتعليم الأساسي,2026-04-16 02:04:09.436452+00,
يوسف الدوسري,ywsf.aldwsry.w75@gmail.com,,parent,t,active,e99d639a-2d11-4d93-bc3f-f15cfb5e45e0,أكاديمية ابن سينا الدولية,2026-04-16 02:04:10.168566+00,
يوسف الدوسري,ywsf.aldwsry.w120@gmail.com,,parent,t,active,e99d639a-2d11-4d93-bc3f-f15cfb5e45e0,أكاديمية ابن سينا الدولية,2026-04-16 02:04:10.468034+00,
يوسف الدوسري,ywsf.aldwsry.w131@gmail.com,,parent,t,active,cfe73b06-0945-4d9a-acbb-9bc960d43a89,مدرسة الفارابي للتعليم الأساسي,2026-04-16 02:04:09.063856+00,
يوسف الدوسري,ywsf.aldwsry.w218@gmail.com,,parent,t,active,cfe73b06-0945-4d9a-acbb-9bc960d43a89,مدرسة الفارابي للتعليم الأساسي,2026-04-16 02:04:09.549061+00,
يوسف الدوسري,ywsf.aldwsry.w159@gmail.com,,parent,t,active,e99d639a-2d11-4d93-bc3f-f15cfb5e45e0,أكاديمية ابن سينا الدولية,2026-04-16 02:04:10.693187+00,
يوسف الرويلي,ywsf.alrwyly.w10@gmail.com,,parent,t,active,cfe73b06-0945-4d9a-acbb-9bc960d43a89,مدرسة الفارابي للتعليم الأساسي,2026-04-16 02:04:08.396457+00,
يوسف الزهراني,ywsf.alzhrany.w249@gmail.com,,parent,t,active,e99d639a-2d11-4d93-bc3f-f15cfb5e45e0,أكاديمية ابن سينا الدولية,2026-04-16 02:04:11.248535+00,
يوسف الزهراني,ywsf.alzhrany.w83@gmail.com,,parent,t,active,cfe73b06-0945-4d9a-acbb-9bc960d43a89,مدرسة الفارابي للتعليم الأساسي,2026-04-16 02:04:08.799345+00,
يوسف السبيعي,ywsf.alsbyay.w34@gmail.com,,parent,t,active,cfe73b06-0945-4d9a-acbb-9bc960d43a89,مدرسة الفارابي للتعليم الأساسي,2026-04-16 02:04:08.530361+00,
يوسف السبيعي,ywsf.alsbyay.w10@gmail.com,,parent,t,active,e99d639a-2d11-4d93-bc3f-f15cfb5e45e0,أكاديمية ابن سينا الدولية,2026-04-16 02:04:09.799602+00,
يوسف الشمري,ywsf.alshmry.w126@gmail.com,,parent,t,active,e99d639a-2d11-4d93-bc3f-f15cfb5e45e0,أكاديمية ابن سينا الدولية,2026-04-16 02:04:10.507051+00,
يوسف الشمري,ywsf.alshmry.w152@gmail.com,,parent,t,active,e99d639a-2d11-4d93-bc3f-f15cfb5e45e0,أكاديمية ابن سينا الدولية,2026-04-16 02:04:10.654517+00,
يوسف العجمي,ywsf.alajmy.w12@gmail.com,,parent,t,active,e99d639a-2d11-4d93-bc3f-f15cfb5e45e0,أكاديمية ابن سينا الدولية,2026-04-16 02:04:09.811606+00,
يوسف العنزي,ywsf.alanzy.w113@gmail.com,,parent,t,active,e99d639a-2d11-4d93-bc3f-f15cfb5e45e0,أكاديمية ابن سينا الدولية,2026-04-16 02:04:10.414594+00,
يوسف العنزي,ywsf.alanzy.w178@gmail.com,,parent,t,active,cfe73b06-0945-4d9a-acbb-9bc960d43a89,مدرسة الفارابي للتعليم الأساسي,2026-04-16 02:04:09.3242+00,
يوسف الغامدي,ywsf.alghamdy.w2@gmail.com,,parent,t,active,e99d639a-2d11-4d93-bc3f-f15cfb5e45e0,أكاديمية ابن سينا الدولية,2026-04-16 02:04:09.755086+00,
يوسف القحطاني,ywsf.alqhtany.w47@gmail.com,,parent,t,active,e99d639a-2d11-4d93-bc3f-f15cfb5e45e0,أكاديمية ابن سينا الدولية,2026-04-16 02:04:10.007901+00,
يوسف المالكي,ywsf.almalky.w31@gmail.com,,parent,t,active,e99d639a-2d11-4d93-bc3f-f15cfb5e45e0,أكاديمية ابن سينا الدولية,2026-04-16 02:04:09.919782+00,
يوسف المطيري,ywsf.almtyry.w16@gmail.com,,parent,t,active,e99d639a-2d11-4d93-bc3f-f15cfb5e45e0,أكاديمية ابن سينا الدولية,2026-04-16 02:04:09.834539+00,
يوسف المطيري,ywsf.almtyry.w24@gmail.com,,parent,t,active,cfe73b06-0945-4d9a-acbb-9bc960d43a89,مدرسة الفارابي للتعليم الأساسي,2026-04-16 02:04:08.474753+00,
يوسف المطيري,ywsf.almtyry.w155@gmail.com,,parent,t,active,cfe73b06-0945-4d9a-acbb-9bc960d43a89,مدرسة الفارابي للتعليم الأساسي,2026-04-16 02:04:09.195083+00,
يوسف المطيري,ywsf.almtyry.w102@gmail.com,,parent,t,active,e99d639a-2d11-4d93-bc3f-f15cfb5e45e0,أكاديمية ابن سينا الدولية,2026-04-16 02:04:10.333747+00,
يوسف المطيري,ywsf.almtyry.w59@gmail.com,,parent,t,active,e99d639a-2d11-4d93-bc3f-f15cfb5e45e0,أكاديمية ابن سينا الدولية,2026-04-16 02:04:10.0759+00,
Ahmed Hakim,hakim@nassaqapp.com,,platform_admin,t,active,,,2026-04-05 15:31:15.216699+00,2026-04-20 09:02:23.895324+00
Dr. Ahmad Zalat,zalat@nassaqapp.com,0569119842,platform_admin,t,active,,,2026-04-05 15:31:14.958148+00,2026-04-16 01:33:34.252791+00
Dr. Ahmad Zalat,admin@nassaq.com,,platform_admin,t,active,,,2026-04-16 02:04:08.041531+00,2026-04-20 20:48:55.966394+00
Mounirah,mounirah@nassaqapp.com,+966 54 068 6065,platform_admin,t,active,,,2026-04-05 18:07:30.853657+00,
Sultan,sultan@nassaqapp.com,0551234567,platform_admin,t,active,,,2026-04-06 08:26:45.336547+00,
محموووود,mo@gmail.com,0573843595,platform_sub_admin,t,active,,,2026-04-18 17:20:23.715134+00,
مدير اختبار,admin@nassaq-test.com,+966500000001,school_admin,t,active,95e9fd31-2690-4d0c-bbc3-346a47009b5c,مدرسة الحرية,2026-04-08 07:56:21.012468+00,2026-04-16 00:03:15.745598+00
مدير المدرسة,mudeer@ibnsina.edu,,school_admin,t,active,e99d639a-2d11-4d93-bc3f-f15cfb5e45e0,أكاديمية ابن سينا الدولية,2026-04-16 02:04:08.131561+00,2026-04-16 02:10:33.809029+00
مدير تجريبي جديد,mudeer@faarabi.edu,,school_admin,t,active,cfe73b06-0945-4d9a-acbb-9bc960d43a89,مدرسة الفارابي للتعليم الأساسي,2026-04-16 02:04:08.052362+00,2026-04-20 18:18:26.453271+00
نائب المدير,naeb@faarabi.edu,,school_admin,t,active,cfe73b06-0945-4d9a-acbb-9bc960d43a89,مدرسة الفارابي للتعليم الأساسي,2026-04-16 02:04:08.05623+00,
نائب المدير,naeb@ibnsina.edu,,school_admin,t,active,e99d639a-2d11-4d93-bc3f-f15cfb5e45e0,أكاديمية ابن سينا الدولية,2026-04-16 02:04:08.133424+00,
school_principal user,61c5eba1-8cce-4697-b33d-22306a157be7@t.test,,school_principal,t,active,,,2026-04-17 15:25:57.798903+00,
school_principal user,732654aa-4c0f-4176-8ea0-f0d98f1bb9a8@t.test,,school_principal,t,active,,,2026-04-17 15:12:53.370787+00,
school_principal user,18332125-f643-4719-b8ca-747fc26afbfd@t.test,,school_principal,t,active,,,2026-04-17 15:13:35.983791+00,
school_principal user,9ce2c66c-364a-44cc-9a7a-2b912690a4e0@t.test,,school_principal,t,active,,,2026-04-17 15:13:36.350847+00,
school_principal user,64cce6a4-5586-481d-8390-edadf4701f80@t.test,,school_principal,t,active,,,2026-04-17 15:13:59.551557+00,
school_principal user,a25d7248-b2ec-409b-b8c9-e2f5b84aa900@t.test,,school_principal,t,active,,,2026-04-17 15:15:03.4699+00,
school_principal user,da70a9da-f5e7-4449-b6f4-a13d3c51ffb4@t.test,,school_principal,t,active,,,2026-04-17 15:18:05.561206+00,
school_principal user,6899a643-2573-493f-90e1-772e0c7d4418@t.test,,school_principal,t,active,,,2026-04-17 15:18:05.718347+00,
school_principal user,5a0238c7-4799-46a5-b967-9d9f7d971b98@t.test,,school_principal,t,active,,,2026-04-17 15:26:05.870406+00,
school_principal user,b8175cf2-a99c-4983-9239-fcaedec22d0e@t.test,,school_principal,t,active,,,2026-04-17 15:18:05.896123+00,
school_principal user,25e94fad-2170-4277-bfb8-f566b338c8fb@t.test,,school_principal,t,active,,,2026-04-17 15:18:26.534837+00,
school_principal user,6df376e4-5ce2-403c-9b77-3bd6128535dd@t.test,,school_principal,t,active,,,2026-04-17 15:26:06.537577+00,
school_principal user,f113a743-7fd1-44b6-bedb-7329d20e70cb@t.test,,school_principal,t,active,,,2026-04-17 15:18:26.650138+00,
school_principal user,912e9cce-bcf2-48d0-ab23-7b4043cc69e9@t.test,,school_principal,t,active,,,2026-04-17 15:26:07.116115+00,
school_principal user,e8dd9e3e-10d6-4d6f-87e5-d4007613c6e1@t.test,,school_principal,t,active,,,2026-04-17 15:18:26.791075+00,
school_principal user,35655f6a-2292-42ce-999f-9773d1e17172@t.test,,school_principal,t,active,,,2026-04-17 15:26:07.258376+00,
school_principal user,c26208bd-52fb-4c0c-ac9f-ed633c2dd4b5@t.test,,school_principal,t,active,,,2026-04-17 15:26:07.433895+00,
school_principal user,fbf76176-0197-4fea-aafd-c684b96fb12c@t.test,,school_principal,t,active,,,2026-04-17 15:25:03.433693+00,
school_principal user,822751b2-01c8-4e66-b55a-75bfc49beefb@t.test,,school_principal,t,active,,,2026-04-17 15:25:03.897208+00,
school_principal user,af9f9ffd-35e2-47d0-a411-d43f0fa01c52@t.test,,school_principal,t,active,,,2026-04-17 15:26:20.055451+00,
school_principal user,02e31a95-a667-4565-8cb1-59e16269a410@t.test,,school_principal,t,active,,,2026-04-17 15:25:08.124714+00,
school_principal user,50b3352d-fd6d-4872-a752-e4da1205c10b@t.test,,school_principal,t,active,,,2026-04-17 15:26:20.352193+00,
school_principal user,d24e4e9e-6175-4922-937a-f4e3f9db9a21@t.test,,school_principal,t,active,,,2026-04-17 15:33:55.906982+00,
school_principal user,80934387-e5ba-4f2a-ba02-2936800f4690@t.test,,school_principal,t,active,,,2026-04-17 15:25:08.416638+00,
school_principal user,5012d569-60d5-4d5e-b3dc-62001c3f081c@t.test,,school_principal,t,active,,,2026-04-17 15:33:56.204079+00,
school_principal user,fd5aaa01-f2fd-4674-881b-1a6bc12fa923@t.test,,school_principal,t,active,,,2026-04-17 15:25:34.061037+00,
school_principal user,1614a188-d496-4f3f-bb23-61adb6f0add1@t.test,,school_principal,t,active,,,2026-04-17 15:25:34.311974+00,
school_principal user,37c1b6b1-10b8-48c8-9f70-1a7645ceae8d@t.test,,school_principal,t,active,,,2026-04-17 15:33:56.3684+00,
school_principal user,5408ec18-dabb-4f7b-ae87-ed74f47eddcc@t.test,,school_principal,t,active,,,2026-04-17 15:25:57.552148+00,
school_principal user,ceada8ef-514f-402b-972e-04922292f972@t.test,,school_principal,t,active,,,2026-04-17 15:33:56.716446+00,
school_principal user,cd410a8a-4e0d-4d87-b7a0-5c2ef695c24d@t.test,,school_principal,t,active,,,2026-04-17 15:33:57.287734+00,
school_principal user,2e06d50b-6724-4d59-8028-b8c448379d34@t.test,,school_principal,t,active,,,2026-04-17 15:25:58.37823+00,
school_principal user,fd743374-40b8-4aa5-86ab-b690c94eecbe@t.test,,school_principal,t,active,,,2026-04-17 15:12:52.487923+00,
school_principal user,4291384d-0b0c-4524-8909-89ce0436f160@t.test,,school_principal,t,active,,,2026-04-17 15:25:58.847901+00,
school_principal user,149dab7f-7188-4206-80c0-9cdf70b69545@t.test,,school_principal,t,active,,,2026-04-17 15:25:59.163303+00,
أحمد المعلم,ahmaaad@nassaqapp.com,0567887823,school_principal,t,active,95e9fd31-2690-4d0c-bbc3-346a47009b5c,مدرسة الحرية,2026-04-05 19:08:42.939066+00,2026-04-17 10:04:12.160851+00
اختبار ربط مدرسة,testuser_1776533949@example.com,,school_principal,t,active,95e9fd31-2690-4d0c-bbc3-346a47009b5c,مدرسة الحرية,2026-04-18 17:39:09.935226+00,
مستخدم اختبار,abdulelah@nassaqapp.com,0569119843,school_principal,t,active,bcf1d58d-0c82-4fc1-a8ad-1a41ae5a6ada,مدرسة النور الاهليه,2026-04-05 18:15:35.602861+00,2026-04-17 10:51:43.071558+00
نانفاملنتنم,kutjrkjrk@gmail.com,0512345678,school_principal,t,active,554ebf30-eae1-4429-ae51-c15b4354995e,هغعفقث,2026-04-18 05:39:11.459536+00,
خغهخفخهفغ,student_bbe68cd0@farabi-001.edu.sa,,student,t,active,cfe73b06-0945-4d9a-acbb-9bc960d43a89,مدرسة الفارابي للتعليم الأساسي,2026-04-18 19:00:02.855901+00,
طالب تجريبي,student@nassaqapp.com,,student,t,active,bcf1d58d-0c82-4fc1-a8ad-1a41ae5a6ada,مدرسة النور الاهليه,2026-04-16 13:12:35.224645+00,2026-04-17 10:45:56.589937+00
فارس وليد التميمي,fares.student@nassaq-test.com,,student,t,,bcf1d58d-0c82-4fc1-a8ad-1a41ae5a6ada,مدرسة النور الاهليه,,2026-04-16 00:03:14.088324+00
فاقفاثفق,student_7d54ef05@farabi-001.edu.sa,,student,t,active,cfe73b06-0945-4d9a-acbb-9bc960d43a89,مدرسة الفارابي للتعليم الأساسي,2026-04-18 18:52:25.890088+00,
فاقفايليل,student_2d27a794@farabi-001.edu.sa,,student,t,active,cfe73b06-0945-4d9a-acbb-9bc960d43a89,مدرسة الفارابي للتعليم الأساسي,2026-04-18 18:51:29.914166+00,
محمممممممد,student_95bce03b@farabi-001.edu.sa,,student,t,active,cfe73b06-0945-4d9a-acbb-9bc960d43a89,مدرسة الفارابي للتعليم الأساسي,2026-04-18 03:57:09.936635+00,2026-04-18 03:59:49.004015+00
أحمد الرشيدي,ahmd.alrshydy@ibnsina.edu,,teacher,t,active,e99d639a-2d11-4d93-bc3f-f15cfb5e45e0,أكاديمية ابن سينا الدولية,2026-04-16 02:09:12.96592+00,
أحمد العتيبي,ahmd.alatyby@ibnsina.edu,,teacher,t,active,e99d639a-2d11-4d93-bc3f-f15cfb5e45e0,أكاديمية ابن سينا الدولية,2026-04-16 02:09:12.903337+00,
أحمد العتيبي,ahmd.alatyby@faarabi.edu,,teacher,t,active,cfe73b06-0945-4d9a-acbb-9bc960d43a89,مدرسة الفارابي للتعليم الأساسي,2026-04-16 02:08:10.39493+00,
أحمد العجمي,ahmd.alajmy@ibnsina.edu,,teacher,t,active,e99d639a-2d11-4d93-bc3f-f15cfb5e45e0,أكاديمية ابن سينا الدولية,2026-04-16 02:18:49.71286+00,
أحمد المعلم,ahmed.teacher@nassaqapp.com,0501234567,teacher,t,active,bcf1d58d-0c82-4fc1-a8ad-1a41ae5a6ada,مدرسة النور الاهليه,2026-04-05 20:48:18.97334+00,2026-04-17 10:04:32.546655+00
أسماء الرويلي,asma.alrwyly@ibnsina.edu,,teacher,t,active,e99d639a-2d11-4d93-bc3f-f15cfb5e45e0,أكاديمية ابن سينا الدولية,2026-04-16 02:13:50.438909+00,
أسماء الشمري,asma.alshmry@faarabi.edu,,teacher,t,active,cfe73b06-0945-4d9a-acbb-9bc960d43a89,مدرسة الفارابي للتعليم الأساسي,2026-04-16 02:04:08.058473+00,2026-04-16 22:22:54.557087+00
أميرة التميمي,amyra.altmymy@ibnsina.edu,,teacher,t,active,e99d639a-2d11-4d93-bc3f-f15cfb5e45e0,أكاديمية ابن سينا الدولية,2026-04-16 02:16:52.115049+00,
أميرة الرشيدي,amyra.alrshydy@ibnsina.edu,,teacher,t,active,e99d639a-2d11-4d93-bc3f-f15cfb5e45e0,أكاديمية ابن سينا الدولية,2026-04-16 02:13:50.472006+00,
أميرة السبيعي,amyra.alsbyay@faarabi.edu,,teacher,t,active,cfe73b06-0945-4d9a-acbb-9bc960d43a89,مدرسة الفارابي للتعليم الأساسي,2026-04-16 02:08:10.402917+00,
أميرة الصاعدي,amyra.alsaady@faarabi.edu,,teacher,t,active,cfe73b06-0945-4d9a-acbb-9bc960d43a89,مدرسة الفارابي للتعليم الأساسي,2026-04-16 02:18:49.515365+00,2026-04-16 08:27:36.858877+00
أميرة العجمي,amyra.alajmy@faarabi.edu,,teacher,t,active,cfe73b06-0945-4d9a-acbb-9bc960d43a89,مدرسة الفارابي للتعليم الأساسي,2026-04-16 02:09:12.846878+00,
أميرة الوادعي,amyra.alwaday@ibnsina.edu,,teacher,t,active,e99d639a-2d11-4d93-bc3f-f15cfb5e45e0,أكاديمية ابن سينا الدولية,2026-04-16 02:08:10.504208+00,
أنس الأحمدي,ans.alahmdy@faarabi.edu,,teacher,t,active,cfe73b06-0945-4d9a-acbb-9bc960d43a89,مدرسة الفارابي للتعليم الأساسي,2026-04-16 02:18:49.657689+00,
أنس الشمري,ans.alshmry@ibnsina.edu,,teacher,t,active,e99d639a-2d11-4d93-bc3f-f15cfb5e45e0,أكاديمية ابن سينا الدولية,2026-04-16 02:16:52.175918+00,
أنس الصاعدي,ans.alsaady@ibnsina.edu,,teacher,t,active,e99d639a-2d11-4d93-bc3f-f15cfb5e45e0,أكاديمية ابن سينا الدولية,2026-04-16 02:09:12.917663+00,
أنس العتيبي,ans.alatyby@faarabi.edu,,teacher,t,active,cfe73b06-0945-4d9a-acbb-9bc960d43a89,مدرسة الفارابي للتعليم الأساسي,2026-04-16 02:04:08.124309+00,
أنس العجمي,ans.alajmy@ibnsina.edu,,teacher,t,active,e99d639a-2d11-4d93-bc3f-f15cfb5e45e0,أكاديمية ابن سينا الدولية,2026-04-16 02:04:08.165442+00,
أنس الوادعي,ans.alwaday@ibnsina.edu,,teacher,t,active,e99d639a-2d11-4d93-bc3f-f15cfb5e45e0,أكاديمية ابن سينا الدولية,2026-04-16 02:09:12.94+00,
إبراهيم الأحمدي,ibrahym.alahmdy@faarabi.edu,,teacher,t,active,cfe73b06-0945-4d9a-acbb-9bc960d43a89,مدرسة الفارابي للتعليم الأساسي,2026-04-16 02:04:08.11357+00,2026-04-20 19:12:25.581858+00
إبراهيم البقمي,ibrahym.albqmy@ibnsina.edu,,teacher,t,active,e99d639a-2d11-4d93-bc3f-f15cfb5e45e0,أكاديمية ابن سينا الدولية,2026-04-16 02:09:12.970863+00,
إبراهيم التميمي,ibrahym.altmymy@faarabi.edu,,teacher,t,active,cfe73b06-0945-4d9a-acbb-9bc960d43a89,مدرسة الفارابي للتعليم الأساسي,2026-04-16 02:09:12.816148+00,
إبراهيم الدوسري,ibrahym.aldwsry@faarabi.edu,,teacher,t,active,cfe73b06-0945-4d9a-acbb-9bc960d43a89,مدرسة الفارابي للتعليم الأساسي,2026-04-16 02:18:49.547291+00,
إبراهيم الدوسري,ibrahym.aldwsry2@faarabi.edu,,teacher,t,active,cfe73b06-0945-4d9a-acbb-9bc960d43a89,مدرسة الفارابي للتعليم الأساسي,2026-04-16 02:18:49.588679+00,
إبراهيم الصاعدي,ibrahym.alsaady@faarabi.edu,,teacher,t,active,cfe73b06-0945-4d9a-acbb-9bc960d43a89,مدرسة الفارابي للتعليم الأساسي,2026-04-16 02:13:50.367273+00,
إبراهيم الصاعدي,ibrahym.alsaady@ibnsina.edu,,teacher,t,active,e99d639a-2d11-4d93-bc3f-f15cfb5e45e0,أكاديمية ابن سينا الدولية,2026-04-16 02:13:50.457363+00,
إبراهيم العجمي,ibrahym.alajmy@ibnsina.edu,,teacher,t,active,e99d639a-2d11-4d93-bc3f-f15cfb5e45e0,أكاديمية ابن سينا الدولية,2026-04-16 02:18:49.741686+00,
إيمان البقمي,iyman.albqmy@ibnsina.edu,,teacher,t,active,e99d639a-2d11-4d93-bc3f-f15cfb5e45e0,أكاديمية ابن سينا الدولية,2026-04-16 02:16:52.063224+00,
إيمان التميمي,iyman.altmymy@ibnsina.edu,,teacher,t,active,e99d639a-2d11-4d93-bc3f-f15cfb5e45e0,أكاديمية ابن سينا الدولية,2026-04-16 02:13:50.483383+00,
إيمان الجهني,iyman.aljhny@faarabi.edu,,teacher,t,active,cfe73b06-0945-4d9a-acbb-9bc960d43a89,مدرسة الفارابي للتعليم الأساسي,2026-04-16 02:16:51.861412+00,
إيمان الدوسري,iyman.aldwsry@ibnsina.edu,,teacher,t,active,e99d639a-2d11-4d93-bc3f-f15cfb5e45e0,أكاديمية ابن سينا الدولية,2026-04-16 02:04:08.147302+00,
إيمان الرويلي,iyman.alrwyly@ibnsina.edu,,teacher,t,active,e99d639a-2d11-4d93-bc3f-f15cfb5e45e0,أكاديمية ابن سينا الدولية,2026-04-16 02:08:10.515046+00,
إيمان المطيري,iyman.almtyry@faarabi.edu,,teacher,t,active,cfe73b06-0945-4d9a-acbb-9bc960d43a89,مدرسة الفارابي للتعليم الأساسي,2026-04-16 02:13:50.41011+00,
احمد تجريبي5,twst@gmail.com,50575636454,teacher,t,active,,,2026-04-16 16:18:27.120944+00,2026-04-16 16:19:41.398761+00
اختبار معلم,t5@test.com,0500000005,teacher,t,active,,,2026-04-18 17:37:30.375909+00,
بلال الحربي,blal.alhrby@ibnsina.edu,,teacher,t,active,e99d639a-2d11-4d93-bc3f-f15cfb5e45e0,أكاديمية ابن سينا الدولية,2026-04-16 02:08:10.53325+00,
بلال العجمي,blal.alajmy@faarabi.edu,,teacher,t,active,cfe73b06-0945-4d9a-acbb-9bc960d43a89,مدرسة الفارابي للتعليم الأساسي,2026-04-16 02:13:50.406301+00,
بلال الغامدي,blal.alghamdy@faarabi.edu,,teacher,t,active,cfe73b06-0945-4d9a-acbb-9bc960d43a89,مدرسة الفارابي للتعليم الأساسي,2026-04-16 02:13:50.379077+00,
بلال القحطاني,blal.alqhtany@faarabi.edu,,teacher,t,active,cfe73b06-0945-4d9a-acbb-9bc960d43a89,مدرسة الفارابي للتعليم الأساسي,2026-04-16 02:18:49.582278+00,
بلال الوادعي,blal.alwaday@ibnsina.edu,,teacher,t,active,e99d639a-2d11-4d93-bc3f-f15cfb5e45e0,أكاديمية ابن سينا الدولية,2026-04-16 02:13:50.487001+00,
حسن الحربي,hsn.alhrby@ibnsina.edu,,teacher,t,active,e99d639a-2d11-4d93-bc3f-f15cfb5e45e0,أكاديمية ابن سينا الدولية,2026-04-16 02:13:50.47584+00,
حسن الرشيدي,hsn.alrshydy@faarabi.edu,,teacher,t,active,cfe73b06-0945-4d9a-acbb-9bc960d43a89,مدرسة الفارابي للتعليم الأساسي,2026-04-16 02:16:51.834534+00,
حسن الرويلي,hsn.alrwyly@ibnsina.edu,,teacher,t,active,e99d639a-2d11-4d93-bc3f-f15cfb5e45e0,أكاديمية ابن سينا الدولية,2026-04-16 02:18:49.67345+00,
حسن السبيعي,hsn.alsbyay@ibnsina.edu,,teacher,t,active,e99d639a-2d11-4d93-bc3f-f15cfb5e45e0,أكاديمية ابن سينا الدولية,2026-04-16 02:04:08.172227+00,
حسن العجمي,hsn.alajmy@faarabi.edu,,teacher,t,active,cfe73b06-0945-4d9a-acbb-9bc960d43a89,مدرسة الفارابي للتعليم الأساسي,2026-04-16 02:18:49.630668+00,
حسن الغامدي,hsn.alghamdy@faarabi.edu,,teacher,t,active,cfe73b06-0945-4d9a-acbb-9bc960d43a89,مدرسة الفارابي للتعليم الأساسي,2026-04-16 02:18:49.54201+00,2026-04-16 03:10:48.920274+00
خالد التميمي,khald.altmymy@faarabi.edu,,teacher,t,active,cfe73b06-0945-4d9a-acbb-9bc960d43a89,مدرسة الفارابي للتعليم الأساسي,2026-04-16 02:16:51.979664+00,
خالد الزهراني,khald.alzhrany@ibnsina.edu,,teacher,t,active,e99d639a-2d11-4d93-bc3f-f15cfb5e45e0,أكاديمية ابن سينا الدولية,2026-04-16 02:09:12.957514+00,
خالد السبيعي,khald.alsbyay@faarabi.edu,,teacher,t,active,cfe73b06-0945-4d9a-acbb-9bc960d43a89,مدرسة الفارابي للتعليم الأساسي,2026-04-16 02:08:10.421808+00,
خالد العتيبي,khald.alatyby@ibnsina.edu,,teacher,t,active,e99d639a-2d11-4d93-bc3f-f15cfb5e45e0,أكاديمية ابن سينا الدولية,2026-04-16 02:16:52.190681+00,
خالد القحطاني,khald.alqhtany@ibnsina.edu,,teacher,t,active,e99d639a-2d11-4d93-bc3f-f15cfb5e45e0,أكاديمية ابن سينا الدولية,2026-04-16 02:04:08.194279+00,
خالد المالكي,khald.almalky@faarabi.edu,,teacher,t,active,cfe73b06-0945-4d9a-acbb-9bc960d43a89,مدرسة الفارابي للتعليم الأساسي,2026-04-16 02:08:10.433521+00,
خالد المطيري,khald.almtyry@ibnsina.edu,,teacher,t,active,e99d639a-2d11-4d93-bc3f-f15cfb5e45e0,أكاديمية ابن سينا الدولية,2026-04-16 02:08:10.522108+00,
دانة التميمي,dana.altmymy@faarabi.edu,,teacher,t,active,cfe73b06-0945-4d9a-acbb-9bc960d43a89,مدرسة الفارابي للتعليم الأساسي,2026-04-16 02:16:51.920976+00,
دانة الجهني,dana.aljhny@ibnsina.edu,,teacher,t,active,e99d639a-2d11-4d93-bc3f-f15cfb5e45e0,أكاديمية ابن سينا الدولية,2026-04-16 02:09:12.922251+00,
دانة الرشيدي,dana.alrshydy@ibnsina.edu,,teacher,t,active,e99d639a-2d11-4d93-bc3f-f15cfb5e45e0,أكاديمية ابن سينا الدولية,2026-04-16 02:08:10.537162+00,
دانة الرويلي,dana.alrwyly@ibnsina.edu,,teacher,t,active,e99d639a-2d11-4d93-bc3f-f15cfb5e45e0,أكاديمية ابن سينا الدولية,2026-04-16 02:16:52.128886+00,
دانة العتيبي,dana.alatyby@ibnsina.edu,,teacher,t,active,e99d639a-2d11-4d93-bc3f-f15cfb5e45e0,أكاديمية ابن سينا الدولية,2026-04-16 02:09:12.891804+00,
دانة العنزي,dana.alanzy@ibnsina.edu,,teacher,t,active,e99d639a-2d11-4d93-bc3f-f15cfb5e45e0,أكاديمية ابن سينا الدولية,2026-04-16 02:13:50.450044+00,
دانة العنزي,dana.alanzy@faarabi.edu,,teacher,t,active,cfe73b06-0945-4d9a-acbb-9bc960d43a89,مدرسة الفارابي للتعليم الأساسي,2026-04-16 02:18:49.593129+00,
دانة الغامدي,dana.alghamdy@ibnsina.edu,,teacher,t,active,e99d639a-2d11-4d93-bc3f-f15cfb5e45e0,أكاديمية ابن سينا الدولية,2026-04-16 02:18:49.667952+00,
رائد الأحمدي,rayd.alahmdy@ibnsina.edu,,teacher,t,active,e99d639a-2d11-4d93-bc3f-f15cfb5e45e0,أكاديمية ابن سينا الدولية,2026-04-16 02:04:08.150991+00,
رائد الجهني,rayd.aljhny@ibnsina.edu,,teacher,t,active,e99d639a-2d11-4d93-bc3f-f15cfb5e45e0,أكاديمية ابن سينا الدولية,2026-04-16 02:18:49.677928+00,
رائد الزهراني,rayd.alzhrany@ibnsina.edu,,teacher,t,active,e99d639a-2d11-4d93-bc3f-f15cfb5e45e0,أكاديمية ابن سينا الدولية,2026-04-16 02:04:08.161979+00,
رائد السبيعي,rayd.alsbyay@faarabi.edu,,teacher,t,active,cfe73b06-0945-4d9a-acbb-9bc960d43a89,مدرسة الفارابي للتعليم الأساسي,2026-04-16 02:04:08.102608+00,
رائد الشمري,rayd.alshmry@faarabi.edu,,teacher,t,active,cfe73b06-0945-4d9a-acbb-9bc960d43a89,مدرسة الفارابي للتعليم الأساسي,2026-04-16 02:09:12.830295+00,
رائد العتيبي,rayd.alatyby@faarabi.edu,,teacher,t,active,cfe73b06-0945-4d9a-acbb-9bc960d43a89,مدرسة الفارابي للتعليم الأساسي,2026-04-16 02:16:51.8566+00,
رائد العنزي,rayd.alanzy@faarabi.edu,,teacher,t,active,cfe73b06-0945-4d9a-acbb-9bc960d43a89,مدرسة الفارابي للتعليم الأساسي,2026-04-16 02:16:51.947467+00,
رائد الوادعي,rayd.alwaday@ibnsina.edu,,teacher,t,active,e99d639a-2d11-4d93-bc3f-f15cfb5e45e0,أكاديمية ابن سينا الدولية,2026-04-16 02:13:50.479655+00,
رهف الزهراني,rhf.alzhrany@ibnsina.edu,,teacher,t,active,e99d639a-2d11-4d93-bc3f-f15cfb5e45e0,أكاديمية ابن سينا الدولية,2026-04-16 02:04:08.15844+00,
رهف الغامدي,rhf.alghamdy@ibnsina.edu,,teacher,t,active,e99d639a-2d11-4d93-bc3f-f15cfb5e45e0,أكاديمية ابن سينا الدولية,2026-04-16 02:09:12.948645+00,
ريم الأحمدي,rym.alahmdy@faarabi.edu,,teacher,t,active,cfe73b06-0945-4d9a-acbb-9bc960d43a89,مدرسة الفارابي للتعليم الأساسي,2026-04-16 02:04:08.099065+00,
ريم الجهني,rym.aljhny@faarabi.edu,,teacher,t,active,cfe73b06-0945-4d9a-acbb-9bc960d43a89,مدرسة الفارابي للتعليم الأساسي,2026-04-16 02:18:49.537508+00,
ريم الرويلي,rym.alrwyly@faarabi.edu,,teacher,t,active,cfe73b06-0945-4d9a-acbb-9bc960d43a89,مدرسة الفارابي للتعليم الأساسي,2026-04-16 02:13:50.398929+00,
ريم الشمري,rym.alshmry@faarabi.edu,,teacher,t,active,cfe73b06-0945-4d9a-acbb-9bc960d43a89,مدرسة الفارابي للتعليم الأساسي,2026-04-16 02:08:10.437644+00,
ريم الشمري,rym.alshmry@ibnsina.edu,,teacher,t,active,e99d639a-2d11-4d93-bc3f-f15cfb5e45e0,أكاديمية ابن سينا الدولية,2026-04-16 02:18:49.721381+00,
ريم العتيبي,rym.alatyby@faarabi.edu,,teacher,t,active,cfe73b06-0945-4d9a-acbb-9bc960d43a89,مدرسة الفارابي للتعليم الأساسي,2026-04-16 02:08:10.449741+00,
ريم الغامدي,rym.alghamdy@faarabi.edu,,teacher,t,active,cfe73b06-0945-4d9a-acbb-9bc960d43a89,مدرسة الفارابي للتعليم الأساسي,2026-04-16 02:04:08.110103+00,
ريم القحطاني,rym.alqhtany@ibnsina.edu,,teacher,t,active,e99d639a-2d11-4d93-bc3f-f15cfb5e45e0,أكاديمية ابن سينا الدولية,2026-04-16 02:04:08.16883+00,
زياد الجهني,zyad.aljhny@ibnsina.edu,,teacher,t,active,e99d639a-2d11-4d93-bc3f-f15cfb5e45e0,أكاديمية ابن سينا الدولية,2026-04-16 02:04:08.197986+00,
زياد الصاعدي,zyad.alsaady@ibnsina.edu,,teacher,t,active,e99d639a-2d11-4d93-bc3f-f15cfb5e45e0,أكاديمية ابن سينا الدولية,2026-04-16 02:16:52.076225+00,
زياد العجمي,zyad.alajmy@ibnsina.edu,,teacher,t,active,e99d639a-2d11-4d93-bc3f-f15cfb5e45e0,أكاديمية ابن سينا الدولية,2026-04-16 02:16:52.136825+00,
زياد المطيري,zyad.almtyry@faarabi.edu,,teacher,t,active,cfe73b06-0945-4d9a-acbb-9bc960d43a89,مدرسة الفارابي للتعليم الأساسي,2026-04-16 02:04:08.091469+00,
سارة العتيبي,sara.alatyby@ibnsina.edu,,teacher,t,active,e99d639a-2d11-4d93-bc3f-f15cfb5e45e0,أكاديمية ابن سينا الدولية,2026-04-16 02:08:10.548432+00,
سارة القحطاني,sara.alqhtany@faarabi.edu,,teacher,t,active,cfe73b06-0945-4d9a-acbb-9bc960d43a89,مدرسة الفارابي للتعليم الأساسي,2026-04-16 02:18:49.608283+00,
سعد الأحمدي,sad.alahmdy@faarabi.edu,,teacher,t,active,cfe73b06-0945-4d9a-acbb-9bc960d43a89,مدرسة الفارابي للتعليم الأساسي,2026-04-16 02:13:50.429038+00,
سعد البقمي,sad.albqmy@faarabi.edu,,teacher,t,active,cfe73b06-0945-4d9a-acbb-9bc960d43a89,مدرسة الفارابي للتعليم الأساسي,2026-04-16 02:09:12.838146+00,
سعد الجهني,sad.aljhny@ibnsina.edu,,teacher,t,active,e99d639a-2d11-4d93-bc3f-f15cfb5e45e0,أكاديمية ابن سينا الدولية,2026-04-16 02:18:49.72813+00,
سعد الدوسري,sad.aldwsry@faarabi.edu,,teacher,t,active,cfe73b06-0945-4d9a-acbb-9bc960d43a89,مدرسة الفارابي للتعليم الأساسي,2026-04-16 02:08:10.411147+00,
سعد الرشيدي,sad.alrshydy@ibnsina.edu,,teacher,t,active,e99d639a-2d11-4d93-bc3f-f15cfb5e45e0,أكاديمية ابن سينا الدولية,2026-04-16 02:08:10.529471+00,
سعد الرويلي,sad.alrwyly@faarabi.edu,,teacher,t,active,cfe73b06-0945-4d9a-acbb-9bc960d43a89,مدرسة الفارابي للتعليم الأساسي,2026-04-16 02:13:50.383768+00,
سعد المالكي,sad.almalky@faarabi.edu,,teacher,t,active,cfe73b06-0945-4d9a-acbb-9bc960d43a89,مدرسة الفارابي للتعليم الأساسي,2026-04-16 02:13:50.425179+00,
سلطان الجهني,sltan.aljhny@ibnsina.edu,,teacher,t,active,e99d639a-2d11-4d93-bc3f-f15cfb5e45e0,أكاديمية ابن سينا الدولية,2026-04-16 02:13:50.446494+00,
سلطان الدوسري,sltan.aldwsry@ibnsina.edu,,teacher,t,active,e99d639a-2d11-4d93-bc3f-f15cfb5e45e0,أكاديمية ابن سينا الدولية,2026-04-16 02:16:52.110638+00,
سلطان الشمري,sltan.alshmry@faarabi.edu,,teacher,t,active,cfe73b06-0945-4d9a-acbb-9bc960d43a89,مدرسة الفارابي للتعليم الأساسي,2026-04-16 02:04:08.083334+00,
سلمى الشمري,slma.alshmry@faarabi.edu,,teacher,t,active,cfe73b06-0945-4d9a-acbb-9bc960d43a89,مدرسة الفارابي للتعليم الأساسي,2026-04-16 02:09:12.861234+00,
سلمى العتيبي,slma.alatyby@ibnsina.edu,,teacher,t,active,e99d639a-2d11-4d93-bc3f-f15cfb5e45e0,أكاديمية ابن سينا الدولية,2026-04-16 02:18:49.737293+00,
سلمى الغامدي,slma.alghamdy@ibnsina.edu,,teacher,t,active,e99d639a-2d11-4d93-bc3f-f15cfb5e45e0,أكاديمية ابن سينا الدولية,2026-04-16 02:18:49.707819+00,
شيماء الدوسري,shyma.aldwsry@faarabi.edu,,teacher,t,active,cfe73b06-0945-4d9a-acbb-9bc960d43a89,مدرسة الفارابي للتعليم الأساسي,2026-04-16 02:08:10.41468+00,
شيماء الرشيدي,shyma.alrshydy@ibnsina.edu,,teacher,t,active,e99d639a-2d11-4d93-bc3f-f15cfb5e45e0,أكاديمية ابن سينا الدولية,2026-04-16 02:08:10.525628+00,
شيماء القحطاني,shyma.alqhtany@faarabi.edu,,teacher,t,active,cfe73b06-0945-4d9a-acbb-9bc960d43a89,مدرسة الفارابي للتعليم الأساسي,2026-04-16 02:09:12.83416+00,
طارق البقمي,tarq.albqmy@faarabi.edu,,teacher,t,active,cfe73b06-0945-4d9a-acbb-9bc960d43a89,مدرسة الفارابي للتعليم الأساسي,2026-04-16 02:08:10.482689+00,
طارق التميمي,tarq.altmymy@ibnsina.edu,,teacher,t,active,e99d639a-2d11-4d93-bc3f-f15cfb5e45e0,أكاديمية ابن سينا الدولية,2026-04-16 02:16:52.186911+00,
طارق الجهني,tarq.aljhny@ibnsina.edu,,teacher,t,active,e99d639a-2d11-4d93-bc3f-f15cfb5e45e0,أكاديمية ابن سينا الدولية,2026-04-16 02:18:49.717171+00,
طارق الرويلي,tarq.alrwyly@faarabi.edu,,teacher,t,active,cfe73b06-0945-4d9a-acbb-9bc960d43a89,مدرسة الفارابي للتعليم الأساسي,2026-04-16 02:09:12.850942+00,
طارق الشمري,tarq.alshmry@ibnsina.edu,,teacher,t,active,e99d639a-2d11-4d93-bc3f-f15cfb5e45e0,أكاديمية ابن سينا الدولية,2026-04-16 02:08:10.518466+00,
طارق الصاعدي,tarq.alsaady@ibnsina.edu,,teacher,t,active,e99d639a-2d11-4d93-bc3f-f15cfb5e45e0,أكاديمية ابن سينا الدولية,2026-04-16 02:04:08.154951+00,
طارق العتيبي,tarq.alatyby@faarabi.edu,,teacher,t,active,cfe73b06-0945-4d9a-acbb-9bc960d43a89,مدرسة الفارابي للتعليم الأساسي,2026-04-16 02:16:51.87098+00,
طارق العجمي,tarq.alajmy@ibnsina.edu,,teacher,t,active,e99d639a-2d11-4d93-bc3f-f15cfb5e45e0,أكاديمية ابن سينا الدولية,2026-04-16 02:04:08.175748+00,
طارق الغامدي,tarq.alghamdy@ibnsina.edu,,teacher,t,active,e99d639a-2d11-4d93-bc3f-f15cfb5e45e0,أكاديمية ابن سينا الدولية,2026-04-16 02:09:12.898907+00,
طارق الغامدي,tarq.alghamdy@faarabi.edu,,teacher,t,active,cfe73b06-0945-4d9a-acbb-9bc960d43a89,مدرسة الفارابي للتعليم الأساسي,2026-04-16 02:04:08.116978+00,
طارق المطيري,tarq.almtyry@ibnsina.edu,,teacher,t,active,e99d639a-2d11-4d93-bc3f-f15cfb5e45e0,أكاديمية ابن سينا الدولية,2026-04-16 02:04:08.139608+00,
طارق الوادعي,tarq.alwaday@faarabi.edu,,teacher,t,active,cfe73b06-0945-4d9a-acbb-9bc960d43a89,مدرسة الفارابي للتعليم الأساسي,2026-04-16 02:16:51.823734+00,
عبدالله الأحمدي,abdallh.alahmdy@ibnsina.edu,,teacher,t,active,e99d639a-2d11-4d93-bc3f-f15cfb5e45e0,أكاديمية ابن سينا الدولية,2026-04-16 02:09:12.926736+00,
عبدالله البقمي,abdallh.albqmy@ibnsina.edu,,teacher,t,active,e99d639a-2d11-4d93-bc3f-f15cfb5e45e0,أكاديمية ابن سينا الدولية,2026-04-16 02:18:49.703513+00,
عبدالله العتيبي,abdallh.alatyby@ibnsina.edu,,teacher,t,active,e99d639a-2d11-4d93-bc3f-f15cfb5e45e0,أكاديمية ابن سينا الدولية,2026-04-16 02:13:50.464528+00,
عبدالله العتيبي,abdallh.alatyby@faarabi.edu,,teacher,t,active,cfe73b06-0945-4d9a-acbb-9bc960d43a89,مدرسة الفارابي للتعليم الأساسي,2026-04-16 02:04:08.067348+00,
عبدالله العجمي,abdallh.alajmy@faarabi.edu,,teacher,t,active,cfe73b06-0945-4d9a-acbb-9bc960d43a89,مدرسة الفارابي للتعليم الأساسي,2026-04-16 02:18:49.602761+00,
عبدالله المالكي,abdallh.almalky@faarabi.edu,,teacher,t,active,cfe73b06-0945-4d9a-acbb-9bc960d43a89,مدرسة الفارابي للتعليم الأساسي,2026-04-16 02:08:10.418183+00,
عبدالله المطيري,abdallh.almtyry@faarabi.edu,,teacher,t,active,cfe73b06-0945-4d9a-acbb-9bc960d43a89,مدرسة الفارابي للتعليم الأساسي,2026-04-16 02:18:49.598263+00,
علي الأحمدي,aly.alahmdy@ibnsina.edu,,teacher,t,active,e99d639a-2d11-4d93-bc3f-f15cfb5e45e0,أكاديمية ابن سينا الدولية,2026-04-16 02:18:49.755382+00,
علي التميمي,aly.altmymy@ibnsina.edu,,teacher,t,active,e99d639a-2d11-4d93-bc3f-f15cfb5e45e0,أكاديمية ابن سينا الدولية,2026-04-16 02:16:52.179765+00,
علي الدوسري,aly.aldwsry@faarabi.edu,,teacher,t,active,cfe73b06-0945-4d9a-acbb-9bc960d43a89,مدرسة الفارابي للتعليم الأساسي,2026-04-16 02:13:50.413676+00,
علي السبيعي,aly.alsbyay@faarabi.edu,,teacher,t,active,cfe73b06-0945-4d9a-acbb-9bc960d43a89,مدرسة الفارابي للتعليم الأساسي,2026-04-16 02:13:50.39166+00,
علي الشمري,aly.alshmry@ibnsina.edu,,teacher,t,active,e99d639a-2d11-4d93-bc3f-f15cfb5e45e0,أكاديمية ابن سينا الدولية,2026-04-16 02:09:12.912804+00,
علي الشمري,aly.alshmry@faarabi.edu,,teacher,t,active,cfe73b06-0945-4d9a-acbb-9bc960d43a89,مدرسة الفارابي للتعليم الأساسي,2026-04-16 02:04:08.127938+00,
علي الصاعدي,aly.alsaady@faarabi.edu,,teacher,t,active,cfe73b06-0945-4d9a-acbb-9bc960d43a89,مدرسة الفارابي للتعليم الأساسي,2026-04-16 02:04:08.106371+00,
علي العتيبي,aly.alatyby@ibnsina.edu,,teacher,t,active,e99d639a-2d11-4d93-bc3f-f15cfb5e45e0,أكاديمية ابن سينا الدولية,2026-04-16 02:08:10.544467+00,
علي المالكي,aly.almalky@faarabi.edu,,teacher,t,active,cfe73b06-0945-4d9a-acbb-9bc960d43a89,مدرسة الفارابي للتعليم الأساسي,2026-04-16 02:16:51.901571+00,
علي المطيري,aly.almtyry@ibnsina.edu,,teacher,t,active,e99d639a-2d11-4d93-bc3f-f15cfb5e45e0,أكاديمية ابن سينا الدولية,2026-04-16 02:04:08.186482+00,
علي الوادعي,aly.alwaday@ibnsina.edu,,teacher,t,active,e99d639a-2d11-4d93-bc3f-f15cfb5e45e0,أكاديمية ابن سينا الدولية,2026-04-16 02:08:10.511553+00,
عمر الدوسري,amr.aldwsry@faarabi.edu,,teacher,t,active,cfe73b06-0945-4d9a-acbb-9bc960d43a89,مدرسة الفارابي للتعليم الأساسي,2026-04-16 02:09:12.842871+00,
عمر الصاعدي,amr.alsaady2@faarabi.edu,,teacher,t,active,cfe73b06-0945-4d9a-acbb-9bc960d43a89,مدرسة الفارابي للتعليم الأساسي,2026-04-16 02:09:12.855551+00,
عمر الصاعدي,amr.alsaady@faarabi.edu,,teacher,t,active,cfe73b06-0945-4d9a-acbb-9bc960d43a89,مدرسة الفارابي للتعليم الأساسي,2026-04-16 02:09:12.826055+00,
عمر الصاعدي,amr.alsaady@ibnsina.edu,,teacher,t,active,e99d639a-2d11-4d93-bc3f-f15cfb5e45e0,أكاديمية ابن سينا الدولية,2026-04-16 02:09:12.9313+00,
عمر العنزي,amr.alanzy@ibnsina.edu,,teacher,t,active,e99d639a-2d11-4d93-bc3f-f15cfb5e45e0,أكاديمية ابن سينا الدولية,2026-04-16 02:13:50.453515+00,
عمر الوادعي,amr.alwaday@faarabi.edu,,teacher,t,active,cfe73b06-0945-4d9a-acbb-9bc960d43a89,مدرسة الفارابي للتعليم الأساسي,2026-04-16 02:09:12.868863+00,
فاطمة التميمي,fatma.altmymy@ibnsina.edu,,teacher,t,active,e99d639a-2d11-4d93-bc3f-f15cfb5e45e0,أكاديمية ابن سينا الدولية,2026-04-16 02:08:10.49219+00,
فاطمة التميمي,fatma.altmymy@faarabi.edu,,teacher,t,active,cfe73b06-0945-4d9a-acbb-9bc960d43a89,مدرسة الفارابي للتعليم الأساسي,2026-04-16 02:04:08.075883+00,
فاطمة الحربي,fatma.alhrby@faarabi.edu,,teacher,t,active,cfe73b06-0945-4d9a-acbb-9bc960d43a89,مدرسة الفارابي للتعليم الأساسي,2026-04-16 02:09:12.800588+00,
فاطمة العجمي,fatma.alajmy@ibnsina.edu,,teacher,t,active,e99d639a-2d11-4d93-bc3f-f15cfb5e45e0,أكاديمية ابن سينا الدولية,2026-04-16 02:04:08.190463+00,
فهد البقمي,fhd.albqmy@ibnsina.edu,,teacher,t,active,e99d639a-2d11-4d93-bc3f-f15cfb5e45e0,أكاديمية ابن سينا الدولية,2026-04-16 02:13:50.501967+00,
فهد الدوسري,fhd.aldwsry@ibnsina.edu,,teacher,t,active,e99d639a-2d11-4d93-bc3f-f15cfb5e45e0,أكاديمية ابن سينا الدولية,2026-04-16 02:09:12.953134+00,
فهد الرويلي,fhd.alrwyly@ibnsina.edu,,teacher,t,active,e99d639a-2d11-4d93-bc3f-f15cfb5e45e0,أكاديمية ابن سينا الدولية,2026-04-16 02:13:50.490874+00,
فهد الزهراني,fhd.alzhrany@faarabi.edu,,teacher,t,active,cfe73b06-0945-4d9a-acbb-9bc960d43a89,مدرسة الفارابي للتعليم الأساسي,2026-04-16 02:08:10.399002+00,
فهد السبيعي,fhd.alsbyay@ibnsina.edu,,teacher,t,active,e99d639a-2d11-4d93-bc3f-f15cfb5e45e0,أكاديمية ابن سينا الدولية,2026-04-16 02:16:52.132833+00,
فهد الشمري,fhd.alshmry@faarabi.edu,,teacher,t,active,cfe73b06-0945-4d9a-acbb-9bc960d43a89,مدرسة الفارابي للتعليم الأساسي,2026-04-16 02:09:12.864935+00,
فهد الغامدي,fhd.alghamdy@faarabi.edu,,teacher,t,active,cfe73b06-0945-4d9a-acbb-9bc960d43a89,مدرسة الفارابي للتعليم الأساسي,2026-04-16 02:04:08.095222+00,
فهد القحطاني,fhd.alqhtany@ibnsina.edu,,teacher,t,active,e99d639a-2d11-4d93-bc3f-f15cfb5e45e0,أكاديمية ابن سينا الدولية,2026-04-16 02:16:52.119506+00,
فهد المطيري,fhd.almtyry@ibnsina.edu,,teacher,t,active,e99d639a-2d11-4d93-bc3f-f15cfb5e45e0,أكاديمية ابن سينا الدولية,2026-04-16 02:04:08.182881+00,
لطيفة التميمي,ltyfa.altmymy@ibnsina.edu,,teacher,t,active,e99d639a-2d11-4d93-bc3f-f15cfb5e45e0,أكاديمية ابن سينا الدولية,2026-04-16 02:16:52.141354+00,
لطيفة الرشيدي,ltyfa.alrshydy@ibnsina.edu,,teacher,t,active,e99d639a-2d11-4d93-bc3f-f15cfb5e45e0,أكاديمية ابن سينا الدولية,2026-04-16 02:18:49.682303+00,
لطيفة الرويلي,ltyfa.alrwyly@faarabi.edu,,teacher,t,active,cfe73b06-0945-4d9a-acbb-9bc960d43a89,مدرسة الفارابي للتعليم الأساسي,2026-04-16 02:13:50.356522+00,
لطيفة السبيعي,ltyfa.alsbyay@ibnsina.edu,,teacher,t,active,e99d639a-2d11-4d93-bc3f-f15cfb5e45e0,أكاديمية ابن سينا الدولية,2026-04-16 02:09:12.935541+00,
لمى البقمي,lma.albqmy@faarabi.edu,,teacher,t,active,cfe73b06-0945-4d9a-acbb-9bc960d43a89,مدرسة الفارابي للتعليم الأساسي,2026-04-16 02:04:08.120635+00,
لمى التميمي,lma.altmymy@faarabi.edu,,teacher,t,active,cfe73b06-0945-4d9a-acbb-9bc960d43a89,مدرسة الفارابي للتعليم الأساسي,2026-04-16 02:09:12.872502+00,
لمى العجمي,lma.alajmy@faarabi.edu,,teacher,t,active,cfe73b06-0945-4d9a-acbb-9bc960d43a89,مدرسة الفارابي للتعليم الأساسي,2026-04-16 02:18:49.635281+00,
ليلى الأحمدي,lyla.alahmdy@faarabi.edu,,teacher,t,active,cfe73b06-0945-4d9a-acbb-9bc960d43a89,مدرسة الفارابي للتعليم الأساسي,2026-04-16 02:13:50.375255+00,
ليلى الجهني,lyla.aljhny@faarabi.edu,,teacher,t,active,cfe73b06-0945-4d9a-acbb-9bc960d43a89,مدرسة الفارابي للتعليم الأساسي,2026-04-16 02:04:08.087382+00,
ليلى الشمري,lyla.alshmry@faarabi.edu,,teacher,t,active,cfe73b06-0945-4d9a-acbb-9bc960d43a89,مدرسة الفارابي للتعليم الأساسي,2026-04-16 02:16:51.846264+00,
ليلى الغامدي,lyla.alghamdy@faarabi.edu,,teacher,t,active,cfe73b06-0945-4d9a-acbb-9bc960d43a89,مدرسة الفارابي للتعليم الأساسي,2026-04-16 02:13:50.387884+00,
ليلى المالكي,lyla.almalky@ibnsina.edu,,teacher,t,active,e99d639a-2d11-4d93-bc3f-f15cfb5e45e0,أكاديمية ابن سينا الدولية,2026-04-16 02:18:49.750958+00,
ماجد الدوسري,majd.aldwsry@faarabi.edu,,teacher,t,active,cfe73b06-0945-4d9a-acbb-9bc960d43a89,مدرسة الفارابي للتعليم الأساسي,2026-04-16 02:16:51.83937+00,
ماجد الرويلي,majd.alrwyly@ibnsina.edu,,teacher,t,active,e99d639a-2d11-4d93-bc3f-f15cfb5e45e0,أكاديمية ابن سينا الدولية,2026-04-16 02:16:52.145819+00,
ماجد الرويلي,majd.alrwyly@faarabi.edu,,teacher,t,active,cfe73b06-0945-4d9a-acbb-9bc960d43a89,مدرسة الفارابي للتعليم الأساسي,2026-04-16 02:08:10.441818+00,
ماجد الزهراني,majd.alzhrany@ibnsina.edu,,teacher,t,active,e99d639a-2d11-4d93-bc3f-f15cfb5e45e0,أكاديمية ابن سينا الدولية,2026-04-16 02:18:49.75987+00,
ماجد العتيبي,majd.alatyby@ibnsina.edu,,teacher,t,active,e99d639a-2d11-4d93-bc3f-f15cfb5e45e0,أكاديمية ابن سينا الدولية,2026-04-16 02:08:10.507903+00,
ماجد العجمي,majd.alajmy@ibnsina.edu,,teacher,t,active,e99d639a-2d11-4d93-bc3f-f15cfb5e45e0,أكاديمية ابن سينا الدولية,2026-04-16 02:04:08.143644+00,
ماجد المطيري,majd.almtyry@faarabi.edu,,teacher,t,active,cfe73b06-0945-4d9a-acbb-9bc960d43a89,مدرسة الفارابي للتعليم الأساسي,2026-04-16 02:04:08.079656+00,
محمد البقمي,mhmd.albqmy@faarabi.edu,,teacher,t,active,cfe73b06-0945-4d9a-acbb-9bc960d43a89,مدرسة الفارابي للتعليم الأساسي,2026-04-16 02:16:51.865851+00,
محمد التميمي,mhmd.altmymy@ibnsina.edu,,teacher,t,active,e99d639a-2d11-4d93-bc3f-f15cfb5e45e0,أكاديمية ابن سينا الدولية,2026-04-16 02:08:10.5003+00,
محمد الرشيدي,mhmd.alrshydy@ibnsina.edu,,teacher,t,active,e99d639a-2d11-4d93-bc3f-f15cfb5e45e0,أكاديمية ابن سينا الدولية,2026-04-16 02:08:10.540658+00,
محمد السبيعي,mhmd.alsbyay@faarabi.edu,,teacher,t,active,cfe73b06-0945-4d9a-acbb-9bc960d43a89,مدرسة الفارابي للتعليم الأساسي,2026-04-16 02:08:10.445782+00,
محمد الشمري,mhmd.alshmry@faarabi.edu,,teacher,t,active,cfe73b06-0945-4d9a-acbb-9bc960d43a89,مدرسة الفارابي للتعليم الأساسي,2026-04-16 02:08:10.406969+00,
محمد العتيبي,mhmd.alatyby@faarabi.edu,,teacher,t,active,cfe73b06-0945-4d9a-acbb-9bc960d43a89,مدرسة الفارابي للتعليم الأساسي,2026-04-16 02:13:50.402605+00,
محمد العنزي,mhmd.alanzy@ibnsina.edu,,teacher,t,active,e99d639a-2d11-4d93-bc3f-f15cfb5e45e0,أكاديمية ابن سينا الدولية,2026-04-16 02:18:49.746187+00,
محمد الغامدي,mhmd.alghamdy@faarabi.edu,,teacher,t,active,cfe73b06-0945-4d9a-acbb-9bc960d43a89,مدرسة الفارابي للتعليم الأساسي,2026-04-16 02:13:50.371449+00,
محمد المطيري,mhmd.almtyry@ibnsina.edu,,teacher,t,active,e99d639a-2d11-4d93-bc3f-f15cfb5e45e0,أكاديمية ابن سينا الدولية,2026-04-16 02:13:50.442866+00,
محمد الوادعي,mhmd.alwaday@faarabi.edu,,teacher,t,active,cfe73b06-0945-4d9a-acbb-9bc960d43a89,مدرسة الفارابي للتعليم الأساسي,2026-04-16 02:09:12.876482+00,
محمد تجريبي,test2@nassaq.com,0564345467,teacher,t,active,,,2026-04-16 06:46:49.643722+00,
محمد تجريبي,heishere@gmail.com,05657564563,teacher,t,active,,,2026-04-16 15:59:43.724974+00,
مستر حمووود,mrhamood@gmail.com,0535463433,teacher,t,active,cfe73b06-0945-4d9a-acbb-9bc960d43a89,مدرسة الفارابي للتعليم الأساسي,2026-04-20 15:51:57.067755+00,2026-04-20 15:58:00.088724+00
معلم اختبار 23a4ab0e,teacher_23a4ab0e@test.nassaq.com,,teacher,t,active,759fbdff-6bf2-422b-a15b-982c0a207561,مدرسة اختبار 23a4ab0e,2026-04-07 00:07:50.252772+00,
معلم اختبار 465c9904,teacher_465c9904@test.nassaq.com,,teacher,t,active,267864ef-fd3e-4386-946b-ec335a280d5e,مدرسة اختبار 465c9904,2026-04-07 00:09:46.639191+00,
معلم اختبار 57868999,teacher_57868999@test.nassaq.com,,teacher,t,active,3b3c4fa2-c3ba-426b-bebb-435f0f9851a0,مدرسة اختبار 57868999,2026-04-07 00:06:01.794844+00,
منيرة الدوسري,mnyra.aldwsry@faarabi.edu,,teacher,t,active,cfe73b06-0945-4d9a-acbb-9bc960d43a89,مدرسة الفارابي للتعليم الأساسي,2026-04-16 02:09:12.821099+00,
مها الرويلي,mha.alrwyly@ibnsina.edu,,teacher,t,active,e99d639a-2d11-4d93-bc3f-f15cfb5e45e0,أكاديمية ابن سينا الدولية,2026-04-16 02:13:50.49486+00,
مها العتيبي,mha.alatyby@faarabi.edu,,teacher,t,active,cfe73b06-0945-4d9a-acbb-9bc960d43a89,مدرسة الفارابي للتعليم الأساسي,2026-04-16 02:16:51.768007+00,
ناصر التميمي,nasr.altmymy@faarabi.edu,,teacher,t,active,cfe73b06-0945-4d9a-acbb-9bc960d43a89,مدرسة الفارابي للتعليم الأساسي,2026-04-16 02:09:12.812102+00,
ناصر الحربي,nasr.alhrby@ibnsina.edu,,teacher,t,active,e99d639a-2d11-4d93-bc3f-f15cfb5e45e0,أكاديمية ابن سينا الدولية,2026-04-16 02:13:50.498463+00,
ناصر الرشيدي,nasr.alrshydy@faarabi.edu,,teacher,t,active,cfe73b06-0945-4d9a-acbb-9bc960d43a89,مدرسة الفارابي للتعليم الأساسي,2026-04-16 02:13:50.417291+00,
ناصر الزهراني,nasr.alzhrany@faarabi.edu,,teacher,t,active,cfe73b06-0945-4d9a-acbb-9bc960d43a89,مدرسة الفارابي للتعليم الأساسي,2026-04-16 02:09:12.880277+00,
ناصر الصاعدي,nasr.alsaady@faarabi.edu,,teacher,t,active,cfe73b06-0945-4d9a-acbb-9bc960d43a89,مدرسة الفارابي للتعليم الأساسي,2026-04-16 02:16:51.851539+00,
ناصر العتيبي,nasr.alatyby@ibnsina.edu,,teacher,t,active,e99d639a-2d11-4d93-bc3f-f15cfb5e45e0,أكاديمية ابن سينا الدولية,2026-04-16 02:18:49.732642+00,
ناصر الغامدي,nasr.alghamdy@faarabi.edu,,teacher,t,active,cfe73b06-0945-4d9a-acbb-9bc960d43a89,مدرسة الفارابي للتعليم الأساسي,2026-04-16 02:08:10.429528+00,
ناصر القحطاني,nasr.alqhtany@faarabi.edu,,teacher,t,active,cfe73b06-0945-4d9a-acbb-9bc960d43a89,مدرسة الفارابي للتعليم الأساسي,2026-04-16 02:18:49.532786+00,
ناصر المطيري,nasr.almtyry@ibnsina.edu,,teacher,t,active,e99d639a-2d11-4d93-bc3f-f15cfb5e45e0,أكاديمية ابن سينا الدولية,2026-04-16 02:08:10.555757+00,
نورة الأحمدي,nwra.alahmdy@ibnsina.edu,,teacher,t,active,e99d639a-2d11-4d93-bc3f-f15cfb5e45e0,أكاديمية ابن سينا الدولية,2026-04-16 02:13:50.460978+00,
نورة الزهراني,nwra.alzhrany@ibnsina.edu,,teacher,t,active,e99d639a-2d11-4d93-bc3f-f15cfb5e45e0,أكاديمية ابن سينا الدولية,2026-04-16 02:04:08.179331+00,
نورة الزهراني,nwra.alzhrany@faarabi.edu,,teacher,t,active,cfe73b06-0945-4d9a-acbb-9bc960d43a89,مدرسة الفارابي للتعليم الأساسي,2026-04-16 02:13:50.421195+00,
نورة الغامدي,nwra.alghamdy@ibnsina.edu,,teacher,t,active,e99d639a-2d11-4d93-bc3f-f15cfb5e45e0,أكاديمية ابن سينا الدولية,2026-04-16 02:04:08.135507+00,
نورة المطيري,nwra.almtyry@ibnsina.edu,,teacher,t,active,e99d639a-2d11-4d93-bc3f-f15cfb5e45e0,أكاديمية ابن سينا الدولية,2026-04-16 02:09:12.908181+00,
نيمو ,nemo@gmail.com,05234567645,teacher,t,active,,,2026-04-17 19:17:30.195036+00,2026-04-20 15:47:04.104037+00
هند الشمري,hnd.alshmry@faarabi.edu,,teacher,t,active,cfe73b06-0945-4d9a-acbb-9bc960d43a89,مدرسة الفارابي للتعليم الأساسي,2026-04-16 02:16:51.829488+00,
هند القحطاني,hnd.alqhtany@faarabi.edu,,teacher,t,active,cfe73b06-0945-4d9a-acbb-9bc960d43a89,مدرسة الفارابي للتعليم الأساسي,2026-04-16 02:08:10.384545+00,
هند المطيري,hnd.almtyry@ibnsina.edu,,teacher,t,active,e99d639a-2d11-4d93-bc3f-f15cfb5e45e0,أكاديمية ابن سينا الدولية,2026-04-16 02:16:52.171225+00,
هيا الدوسري,hya.aldwsry@faarabi.edu,,teacher,t,active,cfe73b06-0945-4d9a-acbb-9bc960d43a89,مدرسة الفارابي للتعليم الأساسي,2026-04-16 02:08:10.425705+00,
هيا الدوسري,hya.aldwsry@ibnsina.edu,,teacher,t,active,e99d639a-2d11-4d93-bc3f-f15cfb5e45e0,أكاديمية ابن سينا الدولية,2026-04-16 02:09:12.961683+00,
هيا الزهراني,hya.alzhrany@ibnsina.edu,,teacher,t,active,e99d639a-2d11-4d93-bc3f-f15cfb5e45e0,أكاديمية ابن سينا الدولية,2026-04-16 02:16:52.183379+00,
وفاء السبيعي,wfa.alsbyay@faarabi.edu,,teacher,t,active,cfe73b06-0945-4d9a-acbb-9bc960d43a89,مدرسة الفارابي للتعليم الأساسي,2026-04-16 02:16:51.876433+00,
وليد البقمي,wlyd.albqmy@ibnsina.edu,,teacher,t,active,e99d639a-2d11-4d93-bc3f-f15cfb5e45e0,أكاديمية ابن سينا الدولية,2026-04-16 02:13:50.467938+00,
وليد الرشيدي,wlyd.alrshydy@ibnsina.edu,,teacher,t,active,e99d639a-2d11-4d93-bc3f-f15cfb5e45e0,أكاديمية ابن سينا الدولية,2026-04-16 02:08:10.552186+00,
وليد الشمري,wlyd.alshmry@faarabi.edu,,teacher,t,active,cfe73b06-0945-4d9a-acbb-9bc960d43a89,مدرسة الفارابي للتعليم الأساسي,2026-04-16 02:04:08.071659+00,
وليد العجمي,wlyd.alajmy@ibnsina.edu,,teacher,t,active,e99d639a-2d11-4d93-bc3f-f15cfb5e45e0,أكاديمية ابن سينا الدولية,2026-04-16 02:09:12.944115+00,
ياثفاثفا,testing@gmail.com,0525645534,teacher,t,active,cfe73b06-0945-4d9a-acbb-9bc960d43a89,مدرسة الفارابي للتعليم الأساسي,2026-04-18 19:05:01.37198+00,
يوسف الرويلي,ywsf.alrwyly@ibnsina.edu,,teacher,t,active,e99d639a-2d11-4d93-bc3f-f15cfb5e45e0,أكاديمية ابن سينا الدولية,2026-04-16 02:08:10.49623+00,
يوسف الزهراني,ywsf.alzhrany@ibnsina.edu,,teacher,t,active,e99d639a-2d11-4d93-bc3f-f15cfb5e45e0,أكاديمية ابن سينا الدولية,2026-04-16 02:16:52.124222+00,
يوسف السبيعي,ywsf.alsbyay@faarabi.edu,,teacher,t,active,cfe73b06-0945-4d9a-acbb-9bc960d43a89,مدرسة الفارابي للتعليم الأساسي,2026-04-16 02:18:49.527958+00,2026-04-16 07:29:21.874314+00
يوسف الصاعدي,ywsf.alsaady@faarabi.edu,,teacher,t,active,cfe73b06-0945-4d9a-acbb-9bc960d43a89,مدرسة الفارابي للتعليم الأساسي,2026-04-16 02:13:50.395266+00,
